#
# There is insufficient memory for the Java Runtime Environment to continue.
# Native memory allocation (malloc) failed to allocate 32744 bytes. Error detail: Chunk::new
# Possible reasons:
#   The system is out of physical RAM or swap space
#   This process is running with CompressedOops enabled, and the Java Heap may be blocking the growth of the native heap
# Possible solutions:
#   Reduce memory load on the system
#   Increase physical memory or swap space
#   Check if swap backing store is full
#   Decrease Java heap size (-Xmx/-Xms)
#   Decrease number of Java threads
#   Decrease Java thread stack sizes (-Xss)
#   Set larger code cache with -XX:ReservedCodeCacheSize=
#   JVM is running with Unscaled Compressed Oops mode in which the Java heap is
#     placed in the first 4GB address space. The Java Heap base address is the
#     maximum limit for the native heap growth. Please use -XX:HeapBaseMinAddress
#     to set the Java Heap base and to place the Java Heap above 4GB virtual address.
# This output file may be truncated or incomplete.
#
#  Out of Memory Error (arena.cpp:168), pid=13816, tid=10980
#
# JRE version: OpenJDK Runtime Environment (21.0.9) (build 21.0.9+-14649483-b1163.86)
# Java VM: OpenJDK 64-Bit Server VM (21.0.9+-14649483-b1163.86, mixed mode, tiered, compressed oops, compressed class ptrs, g1 gc, windows-amd64)
# No core dump will be written. Minidumps are not enabled by default on client versions of Windows
#

---------------  S U M M A R Y ------------

Command Line: --add-opens=java.base/java.lang=ALL-UNNAMED --add-opens=java.base/java.lang.invoke=ALL-UNNAMED --add-opens=java.base/java.util=ALL-UNNAMED --add-opens=java.prefs/java.util.prefs=ALL-UNNAMED --add-exports=jdk.compiler/com.sun.tools.javac.api=ALL-UNNAMED --add-exports=jdk.compiler/com.sun.tools.javac.util=ALL-UNNAMED --add-opens=java.base/java.util=ALL-UNNAMED --add-opens=java.prefs/java.util.prefs=ALL-UNNAMED --add-opens=java.base/java.nio.charset=ALL-UNNAMED --add-opens=java.base/java.net=ALL-UNNAMED --add-opens=java.base/java.util.concurrent=ALL-UNNAMED --add-opens=java.base/java.util.concurrent.atomic=ALL-UNNAMED --add-opens=java.xml/javax.xml.namespace=ALL-UNNAMED --add-opens=java.base/java.time=ALL-UNNAMED -Xmx2048m -Dfile.encoding=UTF-8 -Duser.country=IN -Duser.language=en -Duser.variant -javaagent:C:\Users\SMILE\.gradle\wrapper\dists\gradle-9.2.1-bin\2t0n5ozlw9xmuyvbp7dnzaxug\gradle-9.2.1\lib\agents\gradle-instrumentation-agent-9.2.1.jar org.gradle.launcher.daemon.bootstrap.GradleDaemon 9.2.1

Host: 11th Gen Intel(R) Core(TM) i3-1115G4 @ 3.00GHz, 4 cores, 7G,  Windows 11 , 64 bit Build 26100 (10.0.26100.8246)
Time: Wed May 13 21:41:48 2026 India Standard Time elapsed time: 351.585865 seconds (0d 0h 5m 51s)

---------------  T H R E A D  ---------------

Current thread (0x0000018c9e6522f0):  JavaThread "C2 CompilerThread0" daemon [_thread_in_native, id=10980, stack(0x000000215ba00000,0x000000215bb00000) (1024K)]


Current CompileTask:
C2:351586 18666   !   4       com.sun.beans.TypeResolver::resolve (268 bytes)

Stack: [0x000000215ba00000,0x000000215bb00000]
Native frames: (J=compiled Java code, j=interpreted, Vv=VM code, C=native code)
V  [jvm.dll+0x6d6c99]
V  [jvm.dll+0x866b83]
V  [jvm.dll+0x86919e]
V  [jvm.dll+0x869883]
V  [jvm.dll+0x280776]
V  [jvm.dll+0xc07cd]
V  [jvm.dll+0xc0d03]
V  [jvm.dll+0x2f5a7a]
V  [jvm.dll+0x5ff9a9]
V  [jvm.dll+0x252572]
V  [jvm.dll+0x24aa34]
V  [jvm.dll+0x24892e]
V  [jvm.dll+0x1c7344]
V  [jvm.dll+0x2581ae]
V  [jvm.dll+0x2566f6]
V  [jvm.dll+0x3f48a6]
V  [jvm.dll+0x80f118]
V  [jvm.dll+0x6d54ed]
C  [ucrtbase.dll+0x37b0]
C  [KERNEL32.DLL+0x2e8d7]
C  [ntdll.dll+0x8c3fc]


---------------  P R O C E S S  ---------------

Threads class SMR info:
_java_thread_list=0x0000018ca72cd880, length=56, elements={
0x0000018c875fcb50, 0x0000018c9e60c050, 0x0000018c9e611200, 0x0000018c9e626c30,
0x0000018c9e63cc60, 0x0000018c9e63d6c0, 0x0000018c9e63e120, 0x0000018c9e63fb40,
0x0000018c9e6522f0, 0x0000018c9e62ea10, 0x0000018c9e957f50, 0x0000018ca4ac4e10,
0x0000018ca4bb9780, 0x0000018ca5272ce0, 0x0000018ca502acc0, 0x0000018ca5028560,
0x0000018ca5029280, 0x0000018ca5762610, 0x0000018ca5761260, 0x0000018ca575feb0,
0x0000018ca5763330, 0x0000018ca5765400, 0x0000018ca57639c0, 0x0000018ca7e7cf90,
0x0000018ca7e7f6f0, 0x0000018ca7ef23b0, 0x0000018ca5764050, 0x0000018cb05a7770,
0x0000018cb05a5010, 0x0000018cb05a6a50, 0x0000018cb05ab910, 0x0000018cb05abfa0,
0x0000018cb05a91b0, 0x0000018cb05a9ed0, 0x0000018cb05ab280, 0x0000018cb05a8b20,
0x0000018cb05a9840, 0x0000018cb05aa560, 0x0000018cb05aabf0, 0x0000018ca82e1da0,
0x0000018ca82e2430, 0x0000018ca82e3150, 0x0000018ca82e2ac0, 0x0000018ca82e1080,
0x0000018ca82e37e0, 0x0000018ca82e1710, 0x0000018ca82e0360, 0x0000018ca82e65d0,
0x0000018ca82e4b90, 0x0000018ca82e5220, 0x0000018ca82e58b0, 0x0000018ca82e6c60,
0x0000018ca82e72f0, 0x0000018ca82e7980, 0x0000018caaccaf10, 0x0000018ca46be6a0
}

Java Threads: ( => current thread )
  0x0000018c875fcb50 JavaThread "main"                              [_thread_blocked, id=9988, stack(0x000000215ab00000,0x000000215ac00000) (1024K)]
  0x0000018c9e60c050 JavaThread "Common-Cleaner"             daemon [_thread_blocked, id=20240, stack(0x000000215b300000,0x000000215b400000) (1024K)]
  0x0000018c9e611200 JavaThread "Reference Handler"          daemon [_thread_blocked, id=3320, stack(0x000000215b400000,0x000000215b500000) (1024K)]
  0x0000018c9e626c30 JavaThread "Finalizer"                  daemon [_thread_blocked, id=7844, stack(0x000000215b500000,0x000000215b600000) (1024K)]
  0x0000018c9e63cc60 JavaThread "Signal Dispatcher"          daemon [_thread_blocked, id=2100, stack(0x000000215b600000,0x000000215b700000) (1024K)]
  0x0000018c9e63d6c0 JavaThread "Attach Listener"            daemon [_thread_blocked, id=18276, stack(0x000000215b700000,0x000000215b800000) (1024K)]
  0x0000018c9e63e120 JavaThread "Service Thread"             daemon [_thread_blocked, id=25488, stack(0x000000215b800000,0x000000215b900000) (1024K)]
  0x0000018c9e63fb40 JavaThread "Monitor Deflation Thread"   daemon [_thread_blocked, id=2272, stack(0x000000215b900000,0x000000215ba00000) (1024K)]
=>0x0000018c9e6522f0 JavaThread "C2 CompilerThread0"         daemon [_thread_in_native, id=10980, stack(0x000000215ba00000,0x000000215bb00000) (1024K)]
  0x0000018c9e62ea10 JavaThread "C1 CompilerThread0"         daemon [_thread_blocked, id=24432, stack(0x000000215bb00000,0x000000215bc00000) (1024K)]
  0x0000018c9e957f50 JavaThread "Notification Thread"        daemon [_thread_blocked, id=5260, stack(0x000000215bc00000,0x000000215bd00000) (1024K)]
  0x0000018ca4ac4e10 JavaThread "Daemon health stats"               [_thread_blocked, id=1528, stack(0x000000215c100000,0x000000215c200000) (1024K)]
  0x0000018ca4bb9780 JavaThread "Incoming local TCP Connector on port 54640"        [_thread_in_native, id=18948, stack(0x000000215c200000,0x000000215c300000) (1024K)]
  0x0000018ca5272ce0 JavaThread "Daemon periodic checks"            [_thread_blocked, id=19804, stack(0x000000215c300000,0x000000215c400000) (1024K)]
  0x0000018ca502acc0 JavaThread "Cache worker for journal cache (C:\Users\SMILE\.gradle\caches\journal-1)"        [_thread_blocked, id=25368, stack(0x000000215cb00000,0x000000215cc00000) (1024K)]
  0x0000018ca5028560 JavaThread "File lock request listener"        [_thread_in_native, id=11984, stack(0x000000215cc00000,0x000000215cd00000) (1024K)]
  0x0000018ca5029280 JavaThread "Cache worker for file hash cache (C:\Users\SMILE\.gradle\caches\9.2.1\fileHashes)"        [_thread_blocked, id=21912, stack(0x000000215cd00000,0x000000215ce00000) (1024K)]
  0x0000018ca5762610 JavaThread "File watcher server"        daemon [_thread_in_native, id=23520, stack(0x000000215d000000,0x000000215d100000) (1024K)]
  0x0000018ca5761260 JavaThread "File watcher consumer"      daemon [_thread_blocked, id=25420, stack(0x000000215d100000,0x000000215d200000) (1024K)]
  0x0000018ca575feb0 JavaThread "Cache worker for file content cache (C:\Users\SMILE\.gradle\caches\9.2.1\fileContent)"        [_thread_blocked, id=6392, stack(0x000000215d300000,0x000000215d400000) (1024K)]
  0x0000018ca5763330 JavaThread "jar transforms"                    [_thread_blocked, id=15460, stack(0x000000215d600000,0x000000215d700000) (1024K)]
  0x0000018ca5765400 JavaThread "jar transforms Thread 2"           [_thread_blocked, id=21404, stack(0x000000215d700000,0x000000215d800000) (1024K)]
  0x0000018ca57639c0 JavaThread "jar transforms Thread 3"           [_thread_blocked, id=11012, stack(0x000000215d800000,0x000000215d900000) (1024K)]
  0x0000018ca7e7cf90 JavaThread "jar transforms Thread 4"           [_thread_blocked, id=17352, stack(0x000000215de00000,0x000000215df00000) (1024K)]
  0x0000018ca7e7f6f0 JavaThread "Memory manager"                    [_thread_blocked, id=13208, stack(0x000000215f000000,0x000000215f100000) (1024K)]
  0x0000018ca7ef23b0 JavaThread "pool-3-thread-1"                   [_thread_blocked, id=21100, stack(0x000000215f200000,0x000000215f300000) (1024K)]
  0x0000018ca5764050 JavaThread "pool-6-thread-1"                   [_thread_blocked, id=23292, stack(0x000000215e100000,0x000000215e200000) (1024K)]
  0x0000018cb05a7770 JavaThread "Daemon Thread 3"                   [_thread_blocked, id=10096, stack(0x000000215a800000,0x000000215a900000) (1024K)]
  0x0000018cb05a5010 JavaThread "Handler for socket connection from /127.0.0.1:54640 to /127.0.0.1:62824"        [_thread_in_native, id=23272, stack(0x000000215bd00000,0x000000215be00000) (1024K)]
  0x0000018cb05a6a50 JavaThread "Cancel handler"                    [_thread_blocked, id=8196, stack(0x000000215c400000,0x000000215c500000) (1024K)]
  0x0000018cb05ab910 JavaThread "Daemon worker Thread 3"            [_thread_in_vm, id=11528, stack(0x000000215c500000,0x000000215c600000) (1024K)]
  0x0000018cb05abfa0 JavaThread "Asynchronous log dispatcher for DefaultDaemonConnection: socket connection from /127.0.0.1:54640 to /127.0.0.1:62824"        [_thread_blocked, id=16928, stack(0x000000215c600000,0x000000215c700000) (1024K)]
  0x0000018cb05a91b0 JavaThread "Stdin handler"                     [_thread_blocked, id=16772, stack(0x000000215c700000,0x000000215c800000) (1024K)]
  0x0000018cb05a9ed0 JavaThread "Daemon client event forwarder"        [_thread_blocked, id=20388, stack(0x000000215c800000,0x000000215c900000) (1024K)]
  0x0000018cb05ab280 JavaThread "Cache worker for file hash cache (C:\Users\SMILE\AndroidStudioProjects\raitha_vrata\.gradle\9.2.1\fileHashes)"        [_thread_blocked, id=12468, stack(0x000000215c900000,0x000000215ca00000) (1024K)]
  0x0000018cb05a8b20 JavaThread "Cache worker for Build Output Cleanup Cache (C:\Users\SMILE\AndroidStudioProjects\raitha_vrata\.gradle\buildOutputCleanup)"        [_thread_blocked, id=11884, stack(0x000000215ca00000,0x000000215cb00000) (1024K)]
  0x0000018cb05a9840 JavaThread "Cache worker for checksums cache (C:\Users\SMILE\AndroidStudioProjects\raitha_vrata\.gradle\9.2.1\checksums)"        [_thread_blocked, id=3504, stack(0x000000215ce00000,0x000000215cf00000) (1024K)]
  0x0000018cb05aa560 JavaThread "Cache worker for cache directory md-supplier (C:\Users\SMILE\.gradle\caches\9.2.1\md-supplier)"        [_thread_blocked, id=22352, stack(0x000000215cf00000,0x000000215d000000) (1024K)]
  0x0000018cb05aabf0 JavaThread "Cache worker for cache directory md-rule (C:\Users\SMILE\.gradle\caches\9.2.1\md-rule)"        [_thread_blocked, id=16140, stack(0x000000215d200000,0x000000215d300000) (1024K)]
  0x0000018ca82e1da0 JavaThread "Unconstrained build operations"        [_thread_blocked, id=19548, stack(0x000000215d400000,0x000000215d500000) (1024K)]
  0x0000018ca82e2430 JavaThread "Unconstrained build operations Thread 2"        [_thread_blocked, id=15292, stack(0x000000215d500000,0x000000215d600000) (1024K)]
  0x0000018ca82e3150 JavaThread "Unconstrained build operations Thread 3"        [_thread_blocked, id=1664, stack(0x000000215d900000,0x000000215da00000) (1024K)]
  0x0000018ca82e2ac0 JavaThread "Unconstrained build operations Thread 4"        [_thread_blocked, id=11284, stack(0x000000215da00000,0x000000215db00000) (1024K)]
  0x0000018ca82e1080 JavaThread "Unconstrained build operations Thread 5"        [_thread_blocked, id=1820, stack(0x000000215db00000,0x000000215dc00000) (1024K)]
  0x0000018ca82e37e0 JavaThread "Unconstrained build operations Thread 6"        [_thread_blocked, id=20872, stack(0x000000215dc00000,0x000000215dd00000) (1024K)]
  0x0000018ca82e1710 JavaThread "Unconstrained build operations Thread 7"        [_thread_blocked, id=3124, stack(0x000000215dd00000,0x000000215de00000) (1024K)]
  0x0000018ca82e0360 JavaThread "Unconstrained build operations Thread 8"        [_thread_blocked, id=11908, stack(0x000000215df00000,0x000000215e000000) (1024K)]
  0x0000018ca82e65d0 JavaThread "Unconstrained build operations Thread 9"        [_thread_blocked, id=18444, stack(0x000000215e000000,0x000000215e100000) (1024K)]
  0x0000018ca82e4b90 JavaThread "Unconstrained build operations Thread 10"        [_thread_blocked, id=7328, stack(0x000000215e200000,0x000000215e300000) (1024K)]
  0x0000018ca82e5220 JavaThread "Unconstrained build operations Thread 11"        [_thread_blocked, id=15040, stack(0x000000215e300000,0x000000215e400000) (1024K)]
  0x0000018ca82e58b0 JavaThread "Unconstrained build operations Thread 12"        [_thread_blocked, id=5444, stack(0x000000215e500000,0x000000215e600000) (1024K)]
  0x0000018ca82e6c60 JavaThread "Unconstrained build operations Thread 13"        [_thread_blocked, id=676, stack(0x000000215e600000,0x000000215e700000) (1024K)]
  0x0000018ca82e72f0 JavaThread "Unconstrained build operations Thread 14"        [_thread_blocked, id=24580, stack(0x000000215e700000,0x000000215e800000) (1024K)]
  0x0000018ca82e7980 JavaThread "build event listener"              [_thread_blocked, id=3440, stack(0x000000215e400000,0x000000215e500000) (1024K)]
  0x0000018caaccaf10 JavaThread "build event listener"              [_thread_blocked, id=14076, stack(0x000000215e800000,0x000000215e900000) (1024K)]
  0x0000018ca46be6a0 JavaThread "C2 CompilerThread1"         daemon [_thread_in_native, id=20396, stack(0x000000215e900000,0x000000215ea00000) (1024K)]
Total: 56

Other Threads:
  0x0000018c9e45d360 VMThread "VM Thread"                           [id=13900, stack(0x000000215b200000,0x000000215b300000) (1024K)]
  0x0000018c9e3faf60 WatcherThread "VM Periodic Task Thread"        [id=22092, stack(0x000000215b100000,0x000000215b200000) (1024K)]
  0x0000018c87653d70 WorkerThread "GC Thread#0"                     [id=1684, stack(0x000000215ac00000,0x000000215ad00000) (1024K)]
  0x0000018ca3539370 WorkerThread "GC Thread#1"                     [id=12964, stack(0x000000215be00000,0x000000215bf00000) (1024K)]
  0x0000018ca3539710 WorkerThread "GC Thread#2"                     [id=2012, stack(0x000000215bf00000,0x000000215c000000) (1024K)]
  0x0000018ca35f8e60 WorkerThread "GC Thread#3"                     [id=13844, stack(0x000000215c000000,0x000000215c100000) (1024K)]
  0x0000018c87665470 ConcurrentGCThread "G1 Main Marker"            [id=18248, stack(0x000000215ad00000,0x000000215ae00000) (1024K)]
  0x0000018c87665e80 WorkerThread "G1 Conc#0"                       [id=1272, stack(0x000000215ae00000,0x000000215af00000) (1024K)]
  0x0000018c876be870 ConcurrentGCThread "G1 Refine#0"               [id=9692, stack(0x000000215af00000,0x000000215b000000) (1024K)]
  0x0000018c9e2d0550 ConcurrentGCThread "G1 Service"                [id=8740, stack(0x000000215b000000,0x000000215b100000) (1024K)]
Total: 10

Threads with active compile tasks:
C2 CompilerThread0  351623 18666   !   4       com.sun.beans.TypeResolver::resolve (268 bytes)
C2 CompilerThread1  351623 18649       4       java.beans.Introspector::addMethod (241 bytes)
Total: 2

VM state: not at safepoint (normal execution)

VM Mutex/Monitor currently owned by a thread: None

Heap address: 0x0000000080000000, size: 2048 MB, Compressed Oops mode: 32-bit

CDS archive(s) not mapped
Compressed class space mapped at: 0x0000000100000000-0x0000000140000000, reserved size: 1073741824
Narrow klass base: 0x0000000000000000, Narrow klass shift: 3, Narrow klass range: 0x140000000

GC Precious Log:
 CardTable entry size: 512
 Card Set container configuration: InlinePtr #cards 5 size 8 Array Of Cards #cards 12 size 40 Howl #buckets 4 coarsen threshold 1843 Howl Bitmap #cards 512 size 80 coarsen threshold 460 Card regions per heap region 1 cards per card region 2048
 CPUs: 4 total, 4 available
 Memory: 7859M
 Large Page Support: Disabled
 NUMA Support: Disabled
 Compressed Oops: Enabled (32-bit)
 Heap Region Size: 1M
 Heap Min Capacity: 8M
 Heap Initial Capacity: 124M
 Heap Max Capacity: 2G
 Pre-touch: Disabled
 Parallel Workers: 4
 Concurrent Workers: 1
 Concurrent Refinement Workers: 4
 Periodic GC: Disabled

Heap:
 garbage-first heap   total 427008K, used 189373K [0x0000000080000000, 0x0000000100000000)
  region size 1024K, 15 young (15360K), 3 survivors (3072K)
 Metaspace       used 149415K, committed 152000K, reserved 1179648K
  class space    used 20194K, committed 21440K, reserved 1048576K

Heap Regions: E=young(eden), S=young(survivor), O=old, HS=humongous(starts), HC=humongous(continues), CS=collection set, F=free, TAMS=top-at-mark-start, PB=parsable bottom
|   0|0x0000000080000000, 0x0000000080100000, 0x0000000080100000|100%|HS|  |TAMS 0x0000000080100000| PB 0x0000000080000000| Complete 
|   1|0x0000000080100000, 0x0000000080200000, 0x0000000080200000|100%|HC|  |TAMS 0x0000000080200000| PB 0x0000000080100000| Complete 
|   2|0x0000000080200000, 0x0000000080300000, 0x0000000080300000|100%|HC|  |TAMS 0x0000000080300000| PB 0x0000000080200000| Complete 
|   3|0x0000000080300000, 0x0000000080400000, 0x0000000080400000|100%|HC|  |TAMS 0x0000000080400000| PB 0x0000000080300000| Complete 
|   4|0x0000000080400000, 0x0000000080500000, 0x0000000080500000|100%|HS|  |TAMS 0x0000000080500000| PB 0x0000000080400000| Complete 
|   5|0x0000000080500000, 0x0000000080600000, 0x0000000080600000|100%| O|  |TAMS 0x0000000080600000| PB 0x0000000080500000| Untracked 
|   6|0x0000000080600000, 0x0000000080700000, 0x0000000080700000|100%| O|  |TAMS 0x0000000080700000| PB 0x0000000080600000| Untracked 
|   7|0x0000000080700000, 0x0000000080800000, 0x0000000080800000|100%| O|  |TAMS 0x0000000080800000| PB 0x0000000080700000| Untracked 
|   8|0x0000000080800000, 0x0000000080900000, 0x0000000080900000|100%| O|  |TAMS 0x0000000080900000| PB 0x0000000080800000| Untracked 
|   9|0x0000000080900000, 0x0000000080a00000, 0x0000000080a00000|100%| O|  |TAMS 0x0000000080a00000| PB 0x0000000080900000| Untracked 
|  10|0x0000000080a00000, 0x0000000080b00000, 0x0000000080b00000|100%| O|  |TAMS 0x0000000080b00000| PB 0x0000000080a00000| Untracked 
|  11|0x0000000080b00000, 0x0000000080c00000, 0x0000000080c00000|100%| O|  |TAMS 0x0000000080c00000| PB 0x0000000080b00000| Untracked 
|  12|0x0000000080c00000, 0x0000000080d00000, 0x0000000080d00000|100%| O|  |TAMS 0x0000000080d00000| PB 0x0000000080c00000| Untracked 
|  13|0x0000000080d00000, 0x0000000080e00000, 0x0000000080e00000|100%| O|  |TAMS 0x0000000080e00000| PB 0x0000000080d00000| Untracked 
|  14|0x0000000080e00000, 0x0000000080f00000, 0x0000000080f00000|100%| O|  |TAMS 0x0000000080f00000| PB 0x0000000080e00000| Untracked 
|  15|0x0000000080f00000, 0x0000000081000000, 0x0000000081000000|100%| O|  |TAMS 0x0000000081000000| PB 0x0000000080f00000| Untracked 
|  16|0x0000000081000000, 0x0000000081100000, 0x0000000081100000|100%| O|  |TAMS 0x0000000081100000| PB 0x0000000081000000| Untracked 
|  17|0x0000000081100000, 0x0000000081200000, 0x0000000081200000|100%| O|  |TAMS 0x0000000081200000| PB 0x0000000081100000| Untracked 
|  18|0x0000000081200000, 0x0000000081300000, 0x0000000081300000|100%| O|  |TAMS 0x0000000081300000| PB 0x0000000081200000| Untracked 
|  19|0x0000000081300000, 0x0000000081400000, 0x0000000081400000|100%| O|  |TAMS 0x0000000081400000| PB 0x0000000081300000| Untracked 
|  20|0x0000000081400000, 0x0000000081500000, 0x0000000081500000|100%| O|  |TAMS 0x0000000081500000| PB 0x0000000081400000| Untracked 
|  21|0x0000000081500000, 0x0000000081600000, 0x0000000081600000|100%| O|  |TAMS 0x0000000081600000| PB 0x0000000081500000| Untracked 
|  22|0x0000000081600000, 0x0000000081700000, 0x0000000081700000|100%| O|  |TAMS 0x0000000081700000| PB 0x0000000081600000| Untracked 
|  23|0x0000000081700000, 0x0000000081800000, 0x0000000081800000|100%| O|  |TAMS 0x0000000081800000| PB 0x0000000081700000| Untracked 
|  24|0x0000000081800000, 0x0000000081900000, 0x0000000081900000|100%| O|  |TAMS 0x0000000081900000| PB 0x0000000081800000| Untracked 
|  25|0x0000000081900000, 0x0000000081a00000, 0x0000000081a00000|100%| O|  |TAMS 0x0000000081a00000| PB 0x0000000081900000| Untracked 
|  26|0x0000000081a00000, 0x0000000081b00000, 0x0000000081b00000|100%| O|  |TAMS 0x0000000081b00000| PB 0x0000000081a00000| Untracked 
|  27|0x0000000081b00000, 0x0000000081c00000, 0x0000000081c00000|100%| O|  |TAMS 0x0000000081c00000| PB 0x0000000081b00000| Untracked 
|  28|0x0000000081c00000, 0x0000000081d00000, 0x0000000081d00000|100%|HS|  |TAMS 0x0000000081d00000| PB 0x0000000081c00000| Complete 
|  29|0x0000000081d00000, 0x0000000081e00000, 0x0000000081e00000|100%|HC|  |TAMS 0x0000000081e00000| PB 0x0000000081d00000| Complete 
|  30|0x0000000081e00000, 0x0000000081f00000, 0x0000000081f00000|100%| O|  |TAMS 0x0000000081f00000| PB 0x0000000081e00000| Untracked 
|  31|0x0000000081f00000, 0x0000000082000000, 0x0000000082000000|100%| O|  |TAMS 0x0000000082000000| PB 0x0000000081f00000| Untracked 
|  32|0x0000000082000000, 0x0000000082100000, 0x0000000082100000|100%| O|  |TAMS 0x0000000082100000| PB 0x0000000082000000| Untracked 
|  33|0x0000000082100000, 0x0000000082200000, 0x0000000082200000|100%| O|  |TAMS 0x0000000082200000| PB 0x0000000082100000| Untracked 
|  34|0x0000000082200000, 0x0000000082300000, 0x0000000082300000|100%| O|  |TAMS 0x0000000082300000| PB 0x0000000082200000| Untracked 
|  35|0x0000000082300000, 0x0000000082400000, 0x0000000082400000|100%| O|  |TAMS 0x0000000082400000| PB 0x0000000082300000| Untracked 
|  36|0x0000000082400000, 0x0000000082400000, 0x0000000082500000|  0%| F|  |TAMS 0x0000000082400000| PB 0x0000000082400000| Untracked 
|  37|0x0000000082500000, 0x0000000082600000, 0x0000000082600000|100%| O|  |TAMS 0x0000000082600000| PB 0x0000000082500000| Untracked 
|  38|0x0000000082600000, 0x0000000082700000, 0x0000000082700000|100%| O|  |TAMS 0x0000000082700000| PB 0x0000000082600000| Untracked 
|  39|0x0000000082700000, 0x0000000082800000, 0x0000000082800000|100%| O|  |TAMS 0x0000000082800000| PB 0x0000000082700000| Untracked 
|  40|0x0000000082800000, 0x0000000082900000, 0x0000000082900000|100%| O|  |TAMS 0x0000000082900000| PB 0x0000000082800000| Untracked 
|  41|0x0000000082900000, 0x0000000082a00000, 0x0000000082a00000|100%| O|  |TAMS 0x0000000082a00000| PB 0x0000000082900000| Untracked 
|  42|0x0000000082a00000, 0x0000000082b00000, 0x0000000082b00000|100%|HS|  |TAMS 0x0000000082b00000| PB 0x0000000082a00000| Complete 
|  43|0x0000000082b00000, 0x0000000082c00000, 0x0000000082c00000|100%| O|  |TAMS 0x0000000082c00000| PB 0x0000000082b00000| Untracked 
|  44|0x0000000082c00000, 0x0000000082d00000, 0x0000000082d00000|100%| O|  |TAMS 0x0000000082d00000| PB 0x0000000082c00000| Untracked 
|  45|0x0000000082d00000, 0x0000000082e00000, 0x0000000082e00000|100%| O|  |TAMS 0x0000000082e00000| PB 0x0000000082d00000| Untracked 
|  46|0x0000000082e00000, 0x0000000082f00000, 0x0000000082f00000|100%|HS|  |TAMS 0x0000000082f00000| PB 0x0000000082e00000| Complete 
|  47|0x0000000082f00000, 0x0000000083000000, 0x0000000083000000|100%| O|  |TAMS 0x0000000083000000| PB 0x0000000082f00000| Untracked 
|  48|0x0000000083000000, 0x0000000083100000, 0x0000000083100000|100%| O|  |TAMS 0x0000000083100000| PB 0x0000000083000000| Untracked 
|  49|0x0000000083100000, 0x0000000083200000, 0x0000000083200000|100%| O|  |TAMS 0x0000000083200000| PB 0x0000000083100000| Untracked 
|  50|0x0000000083200000, 0x0000000083300000, 0x0000000083300000|100%|HS|  |TAMS 0x0000000083300000| PB 0x0000000083200000| Complete 
|  51|0x0000000083300000, 0x0000000083400000, 0x0000000083400000|100%|HC|  |TAMS 0x0000000083400000| PB 0x0000000083300000| Complete 
|  52|0x0000000083400000, 0x0000000083500000, 0x0000000083500000|100%|HS|  |TAMS 0x0000000083500000| PB 0x0000000083400000| Complete 
|  53|0x0000000083500000, 0x0000000083600000, 0x0000000083600000|100%|HS|  |TAMS 0x0000000083600000| PB 0x0000000083500000| Complete 
|  54|0x0000000083600000, 0x0000000083700000, 0x0000000083700000|100%| O|  |TAMS 0x0000000083700000| PB 0x0000000083600000| Untracked 
|  55|0x0000000083700000, 0x0000000083800000, 0x0000000083800000|100%| O|  |TAMS 0x0000000083800000| PB 0x0000000083700000| Untracked 
|  56|0x0000000083800000, 0x0000000083900000, 0x0000000083900000|100%| O|  |TAMS 0x0000000083900000| PB 0x0000000083800000| Untracked 
|  57|0x0000000083900000, 0x0000000083a00000, 0x0000000083a00000|100%| O|  |TAMS 0x0000000083a00000| PB 0x0000000083900000| Untracked 
|  58|0x0000000083a00000, 0x0000000083b00000, 0x0000000083b00000|100%| O|  |TAMS 0x0000000083b00000| PB 0x0000000083a00000| Untracked 
|  59|0x0000000083b00000, 0x0000000083c00000, 0x0000000083c00000|100%|HS|  |TAMS 0x0000000083c00000| PB 0x0000000083b00000| Complete 
|  60|0x0000000083c00000, 0x0000000083d00000, 0x0000000083d00000|100%| O|  |TAMS 0x0000000083d00000| PB 0x0000000083c00000| Untracked 
|  61|0x0000000083d00000, 0x0000000083e00000, 0x0000000083e00000|100%| O|  |TAMS 0x0000000083e00000| PB 0x0000000083d00000| Untracked 
|  62|0x0000000083e00000, 0x0000000083f00000, 0x0000000083f00000|100%|HS|  |TAMS 0x0000000083f00000| PB 0x0000000083e00000| Complete 
|  63|0x0000000083f00000, 0x0000000084000000, 0x0000000084000000|100%| O|  |TAMS 0x0000000084000000| PB 0x0000000083f00000| Untracked 
|  64|0x0000000084000000, 0x0000000084100000, 0x0000000084100000|100%| O|  |TAMS 0x0000000084100000| PB 0x0000000084000000| Untracked 
|  65|0x0000000084100000, 0x0000000084200000, 0x0000000084200000|100%| O|  |TAMS 0x0000000084200000| PB 0x0000000084100000| Untracked 
|  66|0x0000000084200000, 0x0000000084300000, 0x0000000084300000|100%| O|  |TAMS 0x0000000084300000| PB 0x0000000084200000| Untracked 
|  67|0x0000000084300000, 0x0000000084400000, 0x0000000084400000|100%| O|  |TAMS 0x0000000084400000| PB 0x0000000084300000| Untracked 
|  68|0x0000000084400000, 0x0000000084500000, 0x0000000084500000|100%|HS|  |TAMS 0x0000000084500000| PB 0x0000000084400000| Complete 
|  69|0x0000000084500000, 0x0000000084600000, 0x0000000084600000|100%|HC|  |TAMS 0x0000000084600000| PB 0x0000000084500000| Complete 
|  70|0x0000000084600000, 0x0000000084700000, 0x0000000084700000|100%| O|  |TAMS 0x0000000084700000| PB 0x0000000084600000| Untracked 
|  71|0x0000000084700000, 0x0000000084800000, 0x0000000084800000|100%| O|  |TAMS 0x0000000084800000| PB 0x0000000084700000| Untracked 
|  72|0x0000000084800000, 0x0000000084900000, 0x0000000084900000|100%|HS|  |TAMS 0x0000000084900000| PB 0x0000000084800000| Complete 
|  73|0x0000000084900000, 0x0000000084a00000, 0x0000000084a00000|100%| O|  |TAMS 0x0000000084a00000| PB 0x0000000084900000| Untracked 
|  74|0x0000000084a00000, 0x0000000084b00000, 0x0000000084b00000|100%| O|  |TAMS 0x0000000084b00000| PB 0x0000000084a00000| Untracked 
|  75|0x0000000084b00000, 0x0000000084c00000, 0x0000000084c00000|100%| O|  |TAMS 0x0000000084c00000| PB 0x0000000084b00000| Untracked 
|  76|0x0000000084c00000, 0x0000000084d00000, 0x0000000084d00000|100%| O|  |TAMS 0x0000000084d00000| PB 0x0000000084c00000| Untracked 
|  77|0x0000000084d00000, 0x0000000084e00000, 0x0000000084e00000|100%| O|  |TAMS 0x0000000084e00000| PB 0x0000000084d00000| Untracked 
|  78|0x0000000084e00000, 0x0000000084f00000, 0x0000000084f00000|100%| O|  |TAMS 0x0000000084f00000| PB 0x0000000084e00000| Untracked 
|  79|0x0000000084f00000, 0x0000000085000000, 0x0000000085000000|100%| O|  |TAMS 0x0000000085000000| PB 0x0000000084f00000| Untracked 
|  80|0x0000000085000000, 0x0000000085100000, 0x0000000085100000|100%| O|  |TAMS 0x0000000085100000| PB 0x0000000085000000| Untracked 
|  81|0x0000000085100000, 0x0000000085200000, 0x0000000085200000|100%| O|  |TAMS 0x0000000085200000| PB 0x0000000085100000| Untracked 
|  82|0x0000000085200000, 0x0000000085300000, 0x0000000085300000|100%| O|  |TAMS 0x0000000085300000| PB 0x0000000085200000| Untracked 
|  83|0x0000000085300000, 0x0000000085400000, 0x0000000085400000|100%| O|  |TAMS 0x0000000085400000| PB 0x0000000085300000| Untracked 
|  84|0x0000000085400000, 0x0000000085500000, 0x0000000085500000|100%| O|  |TAMS 0x0000000085500000| PB 0x0000000085400000| Untracked 
|  85|0x0000000085500000, 0x0000000085600000, 0x0000000085600000|100%| O|  |TAMS 0x0000000085600000| PB 0x0000000085500000| Untracked 
|  86|0x0000000085600000, 0x0000000085700000, 0x0000000085700000|100%| O|  |TAMS 0x0000000085700000| PB 0x0000000085600000| Untracked 
|  87|0x0000000085700000, 0x0000000085800000, 0x0000000085800000|100%|HS|  |TAMS 0x0000000085800000| PB 0x0000000085700000| Complete 
|  88|0x0000000085800000, 0x0000000085900000, 0x0000000085900000|100%|HC|  |TAMS 0x0000000085900000| PB 0x0000000085800000| Complete 
|  89|0x0000000085900000, 0x0000000085a00000, 0x0000000085a00000|100%|HS|  |TAMS 0x0000000085a00000| PB 0x0000000085900000| Complete 
|  90|0x0000000085a00000, 0x0000000085b00000, 0x0000000085b00000|100%| O|  |TAMS 0x0000000085b00000| PB 0x0000000085a00000| Untracked 
|  91|0x0000000085b00000, 0x0000000085c00000, 0x0000000085c00000|100%| O|  |TAMS 0x0000000085c00000| PB 0x0000000085b00000| Untracked 
|  92|0x0000000085c00000, 0x0000000085d00000, 0x0000000085d00000|100%| O|  |TAMS 0x0000000085d00000| PB 0x0000000085c00000| Untracked 
|  93|0x0000000085d00000, 0x0000000085e00000, 0x0000000085e00000|100%| O|  |TAMS 0x0000000085e00000| PB 0x0000000085d00000| Untracked 
|  94|0x0000000085e00000, 0x0000000085f00000, 0x0000000085f00000|100%| O|  |TAMS 0x0000000085f00000| PB 0x0000000085e00000| Untracked 
|  95|0x0000000085f00000, 0x0000000086000000, 0x0000000086000000|100%| O|  |TAMS 0x0000000086000000| PB 0x0000000085f00000| Untracked 
|  96|0x0000000086000000, 0x0000000086100000, 0x0000000086100000|100%|HS|  |TAMS 0x0000000086100000| PB 0x0000000086000000| Complete 
|  97|0x0000000086100000, 0x0000000086200000, 0x0000000086200000|100%|HC|  |TAMS 0x0000000086200000| PB 0x0000000086100000| Complete 
|  98|0x0000000086200000, 0x0000000086300000, 0x0000000086300000|100%|HC|  |TAMS 0x0000000086300000| PB 0x0000000086200000| Complete 
|  99|0x0000000086300000, 0x0000000086400000, 0x0000000086400000|100%|HC|  |TAMS 0x0000000086400000| PB 0x0000000086300000| Complete 
| 100|0x0000000086400000, 0x0000000086500000, 0x0000000086500000|100%|HC|  |TAMS 0x0000000086500000| PB 0x0000000086400000| Complete 
| 101|0x0000000086500000, 0x0000000086600000, 0x0000000086600000|100%|HC|  |TAMS 0x0000000086600000| PB 0x0000000086500000| Complete 
| 102|0x0000000086600000, 0x0000000086700000, 0x0000000086700000|100%|HS|  |TAMS 0x0000000086700000| PB 0x0000000086600000| Complete 
| 103|0x0000000086700000, 0x0000000086800000, 0x0000000086800000|100%|HC|  |TAMS 0x0000000086800000| PB 0x0000000086700000| Complete 
| 104|0x0000000086800000, 0x0000000086900000, 0x0000000086900000|100%|HC|  |TAMS 0x0000000086900000| PB 0x0000000086800000| Complete 
| 105|0x0000000086900000, 0x0000000086a00000, 0x0000000086a00000|100%|HC|  |TAMS 0x0000000086a00000| PB 0x0000000086900000| Complete 
| 106|0x0000000086a00000, 0x0000000086b00000, 0x0000000086b00000|100%|HC|  |TAMS 0x0000000086b00000| PB 0x0000000086a00000| Complete 
| 107|0x0000000086b00000, 0x0000000086c00000, 0x0000000086c00000|100%|HC|  |TAMS 0x0000000086c00000| PB 0x0000000086b00000| Complete 
| 108|0x0000000086c00000, 0x0000000086d00000, 0x0000000086d00000|100%| O|  |TAMS 0x0000000086d00000| PB 0x0000000086c00000| Untracked 
| 109|0x0000000086d00000, 0x0000000086e00000, 0x0000000086e00000|100%| O|  |TAMS 0x0000000086e00000| PB 0x0000000086d00000| Untracked 
| 110|0x0000000086e00000, 0x0000000086f00000, 0x0000000086f00000|100%|HS|  |TAMS 0x0000000086f00000| PB 0x0000000086e00000| Complete 
| 111|0x0000000086f00000, 0x0000000087000000, 0x0000000087000000|100%|HC|  |TAMS 0x0000000087000000| PB 0x0000000086f00000| Complete 
| 112|0x0000000087000000, 0x0000000087100000, 0x0000000087100000|100%|HS|  |TAMS 0x0000000087100000| PB 0x0000000087000000| Complete 
| 113|0x0000000087100000, 0x0000000087200000, 0x0000000087200000|100%| O|  |TAMS 0x0000000087200000| PB 0x0000000087100000| Untracked 
| 114|0x0000000087200000, 0x0000000087300000, 0x0000000087300000|100%| O|  |TAMS 0x0000000087300000| PB 0x0000000087200000| Untracked 
| 115|0x0000000087300000, 0x0000000087400000, 0x0000000087400000|100%| O|  |TAMS 0x0000000087400000| PB 0x0000000087300000| Untracked 
| 116|0x0000000087400000, 0x0000000087500000, 0x0000000087500000|100%| O|  |TAMS 0x0000000087500000| PB 0x0000000087400000| Untracked 
| 117|0x0000000087500000, 0x0000000087600000, 0x0000000087600000|100%| O|  |TAMS 0x0000000087600000| PB 0x0000000087500000| Untracked 
| 118|0x0000000087600000, 0x0000000087700000, 0x0000000087700000|100%| O|  |TAMS 0x0000000087700000| PB 0x0000000087600000| Untracked 
| 119|0x0000000087700000, 0x0000000087800000, 0x0000000087800000|100%| O|  |TAMS 0x0000000087800000| PB 0x0000000087700000| Untracked 
| 120|0x0000000087800000, 0x0000000087900000, 0x0000000087900000|100%|HS|  |TAMS 0x0000000087900000| PB 0x0000000087800000| Complete 
| 121|0x0000000087900000, 0x0000000087a00000, 0x0000000087a00000|100%|HC|  |TAMS 0x0000000087a00000| PB 0x0000000087900000| Complete 
| 122|0x0000000087a00000, 0x0000000087b00000, 0x0000000087b00000|100%| O|  |TAMS 0x0000000087b00000| PB 0x0000000087a00000| Untracked 
| 123|0x0000000087b00000, 0x0000000087c00000, 0x0000000087c00000|100%| O|  |TAMS 0x0000000087c00000| PB 0x0000000087b00000| Untracked 
| 124|0x0000000087c00000, 0x0000000087d00000, 0x0000000087d00000|100%| O|  |TAMS 0x0000000087d00000| PB 0x0000000087c00000| Untracked 
| 125|0x0000000087d00000, 0x0000000087e00000, 0x0000000087e00000|100%| O|  |TAMS 0x0000000087e00000| PB 0x0000000087d00000| Untracked 
| 126|0x0000000087e00000, 0x0000000087f00000, 0x0000000087f00000|100%| O|  |TAMS 0x0000000087f00000| PB 0x0000000087e00000| Untracked 
| 127|0x0000000087f00000, 0x0000000088000000, 0x0000000088000000|100%| O|  |TAMS 0x0000000088000000| PB 0x0000000087f00000| Untracked 
| 128|0x0000000088000000, 0x0000000088100000, 0x0000000088100000|100%| O|  |TAMS 0x0000000088100000| PB 0x0000000088000000| Untracked 
| 129|0x0000000088100000, 0x0000000088200000, 0x0000000088200000|100%| O|  |TAMS 0x0000000088200000| PB 0x0000000088100000| Untracked 
| 130|0x0000000088200000, 0x0000000088300000, 0x0000000088300000|100%| O|  |TAMS 0x0000000088300000| PB 0x0000000088200000| Untracked 
| 131|0x0000000088300000, 0x0000000088400000, 0x0000000088400000|100%| O|  |TAMS 0x0000000088400000| PB 0x0000000088300000| Untracked 
| 132|0x0000000088400000, 0x0000000088500000, 0x0000000088500000|100%| O|  |TAMS 0x0000000088500000| PB 0x0000000088400000| Untracked 
| 133|0x0000000088500000, 0x0000000088600000, 0x0000000088600000|100%| O|  |TAMS 0x0000000088600000| PB 0x0000000088500000| Untracked 
| 134|0x0000000088600000, 0x0000000088700000, 0x0000000088700000|100%| O|  |TAMS 0x0000000088700000| PB 0x0000000088600000| Untracked 
| 135|0x0000000088700000, 0x0000000088800000, 0x0000000088800000|100%| O|  |TAMS 0x0000000088800000| PB 0x0000000088700000| Untracked 
| 136|0x0000000088800000, 0x0000000088900000, 0x0000000088900000|100%| O|  |TAMS 0x0000000088900000| PB 0x0000000088800000| Untracked 
| 137|0x0000000088900000, 0x0000000088a00000, 0x0000000088a00000|100%| O|  |TAMS 0x0000000088a00000| PB 0x0000000088900000| Untracked 
| 138|0x0000000088a00000, 0x0000000088b00000, 0x0000000088b00000|100%| O|  |TAMS 0x0000000088b00000| PB 0x0000000088a00000| Untracked 
| 139|0x0000000088b00000, 0x0000000088c00000, 0x0000000088c00000|100%| O|  |TAMS 0x0000000088c00000| PB 0x0000000088b00000| Untracked 
| 140|0x0000000088c00000, 0x0000000088d00000, 0x0000000088d00000|100%| O|  |TAMS 0x0000000088d00000| PB 0x0000000088c00000| Untracked 
| 141|0x0000000088d00000, 0x0000000088e00000, 0x0000000088e00000|100%| O|  |TAMS 0x0000000088e00000| PB 0x0000000088d00000| Untracked 
| 142|0x0000000088e00000, 0x0000000088f00000, 0x0000000088f00000|100%| O|  |TAMS 0x0000000088f00000| PB 0x0000000088e00000| Untracked 
| 143|0x0000000088f00000, 0x0000000089000000, 0x0000000089000000|100%| O|  |TAMS 0x0000000089000000| PB 0x0000000088f00000| Untracked 
| 144|0x0000000089000000, 0x0000000089100000, 0x0000000089100000|100%| O|  |TAMS 0x0000000089100000| PB 0x0000000089000000| Untracked 
| 145|0x0000000089100000, 0x0000000089200000, 0x0000000089200000|100%| O|  |TAMS 0x0000000089200000| PB 0x0000000089100000| Untracked 
| 146|0x0000000089200000, 0x0000000089300000, 0x0000000089300000|100%| O|  |TAMS 0x0000000089300000| PB 0x0000000089200000| Untracked 
| 147|0x0000000089300000, 0x0000000089400000, 0x0000000089400000|100%| O|  |TAMS 0x0000000089400000| PB 0x0000000089300000| Untracked 
| 148|0x0000000089400000, 0x0000000089500000, 0x0000000089500000|100%| O|  |TAMS 0x0000000089500000| PB 0x0000000089400000| Untracked 
| 149|0x0000000089500000, 0x0000000089600000, 0x0000000089600000|100%| O|  |TAMS 0x0000000089600000| PB 0x0000000089500000| Untracked 
| 150|0x0000000089600000, 0x0000000089700000, 0x0000000089700000|100%| O|  |TAMS 0x0000000089700000| PB 0x0000000089600000| Untracked 
| 151|0x0000000089700000, 0x0000000089800000, 0x0000000089800000|100%| O|  |TAMS 0x0000000089800000| PB 0x0000000089700000| Untracked 
| 152|0x0000000089800000, 0x0000000089900000, 0x0000000089900000|100%| O|  |TAMS 0x0000000089900000| PB 0x0000000089800000| Untracked 
| 153|0x0000000089900000, 0x0000000089a00000, 0x0000000089a00000|100%| O|  |TAMS 0x0000000089a00000| PB 0x0000000089900000| Untracked 
| 154|0x0000000089a00000, 0x0000000089b00000, 0x0000000089b00000|100%| O|  |TAMS 0x0000000089b00000| PB 0x0000000089a00000| Untracked 
| 155|0x0000000089b00000, 0x0000000089c00000, 0x0000000089c00000|100%| O|  |TAMS 0x0000000089c00000| PB 0x0000000089b00000| Untracked 
| 156|0x0000000089c00000, 0x0000000089d00000, 0x0000000089d00000|100%| O|  |TAMS 0x0000000089d00000| PB 0x0000000089c00000| Untracked 
| 157|0x0000000089d00000, 0x0000000089e00000, 0x0000000089e00000|100%| O|  |TAMS 0x0000000089e00000| PB 0x0000000089d00000| Untracked 
| 158|0x0000000089e00000, 0x0000000089f00000, 0x0000000089f00000|100%| O|  |TAMS 0x0000000089f00000| PB 0x0000000089e00000| Untracked 
| 159|0x0000000089f00000, 0x000000008a000000, 0x000000008a000000|100%| O|  |TAMS 0x000000008a000000| PB 0x0000000089f00000| Untracked 
| 160|0x000000008a000000, 0x000000008a100000, 0x000000008a100000|100%| O|  |TAMS 0x000000008a100000| PB 0x000000008a000000| Untracked 
| 161|0x000000008a100000, 0x000000008a200000, 0x000000008a200000|100%| O|  |TAMS 0x000000008a200000| PB 0x000000008a100000| Untracked 
| 162|0x000000008a200000, 0x000000008a300000, 0x000000008a300000|100%| O|  |TAMS 0x000000008a300000| PB 0x000000008a200000| Untracked 
| 163|0x000000008a300000, 0x000000008a400000, 0x000000008a400000|100%| O|  |TAMS 0x000000008a400000| PB 0x000000008a300000| Untracked 
| 164|0x000000008a400000, 0x000000008a500000, 0x000000008a500000|100%| O|  |TAMS 0x000000008a500000| PB 0x000000008a400000| Untracked 
| 165|0x000000008a500000, 0x000000008a600000, 0x000000008a600000|100%| O|  |TAMS 0x000000008a600000| PB 0x000000008a500000| Untracked 
| 166|0x000000008a600000, 0x000000008a700000, 0x000000008a700000|100%| O|  |TAMS 0x000000008a700000| PB 0x000000008a600000| Untracked 
| 167|0x000000008a700000, 0x000000008a7ef760, 0x000000008a800000| 93%| O|  |TAMS 0x000000008a7aa550| PB 0x000000008a700000| Untracked 
| 168|0x000000008a800000, 0x000000008a800000, 0x000000008a900000|  0%| F|  |TAMS 0x000000008a800000| PB 0x000000008a800000| Untracked 
| 169|0x000000008a900000, 0x000000008a900000, 0x000000008aa00000|  0%| F|  |TAMS 0x000000008a900000| PB 0x000000008a900000| Untracked 
| 170|0x000000008aa00000, 0x000000008aa00000, 0x000000008ab00000|  0%| F|  |TAMS 0x000000008aa00000| PB 0x000000008aa00000| Untracked 
| 171|0x000000008ab00000, 0x000000008ab00000, 0x000000008ac00000|  0%| F|  |TAMS 0x000000008ab00000| PB 0x000000008ab00000| Untracked 
| 172|0x000000008ac00000, 0x000000008ac00000, 0x000000008ad00000|  0%| F|  |TAMS 0x000000008ac00000| PB 0x000000008ac00000| Untracked 
| 173|0x000000008ad00000, 0x000000008ad00000, 0x000000008ae00000|  0%| F|  |TAMS 0x000000008ad00000| PB 0x000000008ad00000| Untracked 
| 174|0x000000008ae00000, 0x000000008ae00000, 0x000000008af00000|  0%| F|  |TAMS 0x000000008ae00000| PB 0x000000008ae00000| Untracked 
| 175|0x000000008af00000, 0x000000008af00000, 0x000000008b000000|  0%| F|  |TAMS 0x000000008af00000| PB 0x000000008af00000| Untracked 
| 176|0x000000008b000000, 0x000000008b000000, 0x000000008b100000|  0%| F|  |TAMS 0x000000008b000000| PB 0x000000008b000000| Untracked 
| 177|0x000000008b100000, 0x000000008b100000, 0x000000008b200000|  0%| F|  |TAMS 0x000000008b100000| PB 0x000000008b100000| Untracked 
| 178|0x000000008b200000, 0x000000008b200000, 0x000000008b300000|  0%| F|  |TAMS 0x000000008b200000| PB 0x000000008b200000| Untracked 
| 179|0x000000008b300000, 0x000000008b300000, 0x000000008b400000|  0%| F|  |TAMS 0x000000008b300000| PB 0x000000008b300000| Untracked 
| 180|0x000000008b400000, 0x000000008b400000, 0x000000008b500000|  0%| F|  |TAMS 0x000000008b400000| PB 0x000000008b400000| Untracked 
| 181|0x000000008b500000, 0x000000008b500000, 0x000000008b600000|  0%| F|  |TAMS 0x000000008b500000| PB 0x000000008b500000| Untracked 
| 182|0x000000008b600000, 0x000000008b600000, 0x000000008b700000|  0%| F|  |TAMS 0x000000008b600000| PB 0x000000008b600000| Untracked 
| 183|0x000000008b700000, 0x000000008b700000, 0x000000008b800000|  0%| F|  |TAMS 0x000000008b700000| PB 0x000000008b700000| Untracked 
| 184|0x000000008b800000, 0x000000008b800000, 0x000000008b900000|  0%| F|  |TAMS 0x000000008b800000| PB 0x000000008b800000| Untracked 
| 185|0x000000008b900000, 0x000000008b900000, 0x000000008ba00000|  0%| F|  |TAMS 0x000000008b900000| PB 0x000000008b900000| Untracked 
| 186|0x000000008ba00000, 0x000000008ba00000, 0x000000008bb00000|  0%| F|  |TAMS 0x000000008ba00000| PB 0x000000008ba00000| Untracked 
| 187|0x000000008bb00000, 0x000000008bb00000, 0x000000008bc00000|  0%| F|  |TAMS 0x000000008bb00000| PB 0x000000008bb00000| Untracked 
| 188|0x000000008bc00000, 0x000000008bc00000, 0x000000008bd00000|  0%| F|  |TAMS 0x000000008bc00000| PB 0x000000008bc00000| Untracked 
| 189|0x000000008bd00000, 0x000000008bd00000, 0x000000008be00000|  0%| F|  |TAMS 0x000000008bd00000| PB 0x000000008bd00000| Untracked 
| 190|0x000000008be00000, 0x000000008be00000, 0x000000008bf00000|  0%| F|  |TAMS 0x000000008be00000| PB 0x000000008be00000| Untracked 
| 191|0x000000008bf00000, 0x000000008bf00000, 0x000000008c000000|  0%| F|  |TAMS 0x000000008bf00000| PB 0x000000008bf00000| Untracked 
| 192|0x000000008c000000, 0x000000008c000000, 0x000000008c100000|  0%| F|  |TAMS 0x000000008c000000| PB 0x000000008c000000| Untracked 
| 193|0x000000008c100000, 0x000000008c100000, 0x000000008c200000|  0%| F|  |TAMS 0x000000008c100000| PB 0x000000008c100000| Untracked 
| 194|0x000000008c200000, 0x000000008c200000, 0x000000008c300000|  0%| F|  |TAMS 0x000000008c200000| PB 0x000000008c200000| Untracked 
| 195|0x000000008c300000, 0x000000008c300000, 0x000000008c400000|  0%| F|  |TAMS 0x000000008c300000| PB 0x000000008c300000| Untracked 
| 196|0x000000008c400000, 0x000000008c400000, 0x000000008c500000|  0%| F|  |TAMS 0x000000008c400000| PB 0x000000008c400000| Untracked 
| 197|0x000000008c500000, 0x000000008c500000, 0x000000008c600000|  0%| F|  |TAMS 0x000000008c500000| PB 0x000000008c500000| Untracked 
| 198|0x000000008c600000, 0x000000008c600000, 0x000000008c700000|  0%| F|  |TAMS 0x000000008c600000| PB 0x000000008c600000| Untracked 
| 199|0x000000008c700000, 0x000000008c700000, 0x000000008c800000|  0%| F|  |TAMS 0x000000008c700000| PB 0x000000008c700000| Untracked 
| 200|0x000000008c800000, 0x000000008c800000, 0x000000008c900000|  0%| F|  |TAMS 0x000000008c800000| PB 0x000000008c800000| Untracked 
| 201|0x000000008c900000, 0x000000008c900000, 0x000000008ca00000|  0%| F|  |TAMS 0x000000008c900000| PB 0x000000008c900000| Untracked 
| 202|0x000000008ca00000, 0x000000008ca00000, 0x000000008cb00000|  0%| F|  |TAMS 0x000000008ca00000| PB 0x000000008ca00000| Untracked 
| 203|0x000000008cb00000, 0x000000008cb00000, 0x000000008cc00000|  0%| F|  |TAMS 0x000000008cb00000| PB 0x000000008cb00000| Untracked 
| 204|0x000000008cc00000, 0x000000008cc00000, 0x000000008cd00000|  0%| F|  |TAMS 0x000000008cc00000| PB 0x000000008cc00000| Untracked 
| 205|0x000000008cd00000, 0x000000008cd00000, 0x000000008ce00000|  0%| F|  |TAMS 0x000000008cd00000| PB 0x000000008cd00000| Untracked 
| 206|0x000000008ce00000, 0x000000008ce00000, 0x000000008cf00000|  0%| F|  |TAMS 0x000000008ce00000| PB 0x000000008ce00000| Untracked 
| 207|0x000000008cf00000, 0x000000008cf00000, 0x000000008d000000|  0%| F|  |TAMS 0x000000008cf00000| PB 0x000000008cf00000| Untracked 
| 208|0x000000008d000000, 0x000000008d000000, 0x000000008d100000|  0%| F|  |TAMS 0x000000008d000000| PB 0x000000008d000000| Untracked 
| 209|0x000000008d100000, 0x000000008d100000, 0x000000008d200000|  0%| F|  |TAMS 0x000000008d100000| PB 0x000000008d100000| Untracked 
| 210|0x000000008d200000, 0x000000008d200000, 0x000000008d300000|  0%| F|  |TAMS 0x000000008d200000| PB 0x000000008d200000| Untracked 
| 211|0x000000008d300000, 0x000000008d300000, 0x000000008d400000|  0%| F|  |TAMS 0x000000008d300000| PB 0x000000008d300000| Untracked 
| 212|0x000000008d400000, 0x000000008d400000, 0x000000008d500000|  0%| F|  |TAMS 0x000000008d400000| PB 0x000000008d400000| Untracked 
| 213|0x000000008d500000, 0x000000008d500000, 0x000000008d600000|  0%| F|  |TAMS 0x000000008d500000| PB 0x000000008d500000| Untracked 
| 214|0x000000008d600000, 0x000000008d600000, 0x000000008d700000|  0%| F|  |TAMS 0x000000008d600000| PB 0x000000008d600000| Untracked 
| 215|0x000000008d700000, 0x000000008d700000, 0x000000008d800000|  0%| F|  |TAMS 0x000000008d700000| PB 0x000000008d700000| Untracked 
| 216|0x000000008d800000, 0x000000008d800000, 0x000000008d900000|  0%| F|  |TAMS 0x000000008d800000| PB 0x000000008d800000| Untracked 
| 217|0x000000008d900000, 0x000000008d900000, 0x000000008da00000|  0%| F|  |TAMS 0x000000008d900000| PB 0x000000008d900000| Untracked 
| 218|0x000000008da00000, 0x000000008da00000, 0x000000008db00000|  0%| F|  |TAMS 0x000000008da00000| PB 0x000000008da00000| Untracked 
| 219|0x000000008db00000, 0x000000008db00000, 0x000000008dc00000|  0%| F|  |TAMS 0x000000008db00000| PB 0x000000008db00000| Untracked 
| 220|0x000000008dc00000, 0x000000008dc00000, 0x000000008dd00000|  0%| F|  |TAMS 0x000000008dc00000| PB 0x000000008dc00000| Untracked 
| 221|0x000000008dd00000, 0x000000008dd00000, 0x000000008de00000|  0%| F|  |TAMS 0x000000008dd00000| PB 0x000000008dd00000| Untracked 
| 222|0x000000008de00000, 0x000000008de00000, 0x000000008df00000|  0%| F|  |TAMS 0x000000008de00000| PB 0x000000008de00000| Untracked 
| 223|0x000000008df00000, 0x000000008df00000, 0x000000008e000000|  0%| F|  |TAMS 0x000000008df00000| PB 0x000000008df00000| Untracked 
| 224|0x000000008e000000, 0x000000008e000000, 0x000000008e100000|  0%| F|  |TAMS 0x000000008e000000| PB 0x000000008e000000| Untracked 
| 225|0x000000008e100000, 0x000000008e100000, 0x000000008e200000|  0%| F|  |TAMS 0x000000008e100000| PB 0x000000008e100000| Untracked 
| 226|0x000000008e200000, 0x000000008e200000, 0x000000008e300000|  0%| F|  |TAMS 0x000000008e200000| PB 0x000000008e200000| Untracked 
| 227|0x000000008e300000, 0x000000008e300000, 0x000000008e400000|  0%| F|  |TAMS 0x000000008e300000| PB 0x000000008e300000| Untracked 
| 228|0x000000008e400000, 0x000000008e400000, 0x000000008e500000|  0%| F|  |TAMS 0x000000008e400000| PB 0x000000008e400000| Untracked 
| 229|0x000000008e500000, 0x000000008e500000, 0x000000008e600000|  0%| F|  |TAMS 0x000000008e500000| PB 0x000000008e500000| Untracked 
| 230|0x000000008e600000, 0x000000008e600000, 0x000000008e700000|  0%| F|  |TAMS 0x000000008e600000| PB 0x000000008e600000| Untracked 
| 231|0x000000008e700000, 0x000000008e700000, 0x000000008e800000|  0%| F|  |TAMS 0x000000008e700000| PB 0x000000008e700000| Untracked 
| 232|0x000000008e800000, 0x000000008e800000, 0x000000008e900000|  0%| F|  |TAMS 0x000000008e800000| PB 0x000000008e800000| Untracked 
| 233|0x000000008e900000, 0x000000008e900000, 0x000000008ea00000|  0%| F|  |TAMS 0x000000008e900000| PB 0x000000008e900000| Untracked 
| 234|0x000000008ea00000, 0x000000008ea00000, 0x000000008eb00000|  0%| F|  |TAMS 0x000000008ea00000| PB 0x000000008ea00000| Untracked 
| 235|0x000000008eb00000, 0x000000008eb00000, 0x000000008ec00000|  0%| F|  |TAMS 0x000000008eb00000| PB 0x000000008eb00000| Untracked 
| 236|0x000000008ec00000, 0x000000008ec00000, 0x000000008ed00000|  0%| F|  |TAMS 0x000000008ec00000| PB 0x000000008ec00000| Untracked 
| 237|0x000000008ed00000, 0x000000008ed00000, 0x000000008ee00000|  0%| F|  |TAMS 0x000000008ed00000| PB 0x000000008ed00000| Untracked 
| 238|0x000000008ee00000, 0x000000008ee00000, 0x000000008ef00000|  0%| F|  |TAMS 0x000000008ee00000| PB 0x000000008ee00000| Untracked 
| 239|0x000000008ef00000, 0x000000008ef00000, 0x000000008f000000|  0%| F|  |TAMS 0x000000008ef00000| PB 0x000000008ef00000| Untracked 
| 240|0x000000008f000000, 0x000000008f000000, 0x000000008f100000|  0%| F|  |TAMS 0x000000008f000000| PB 0x000000008f000000| Untracked 
| 241|0x000000008f100000, 0x000000008f100000, 0x000000008f200000|  0%| F|  |TAMS 0x000000008f100000| PB 0x000000008f100000| Untracked 
| 242|0x000000008f200000, 0x000000008f200000, 0x000000008f300000|  0%| F|  |TAMS 0x000000008f200000| PB 0x000000008f200000| Untracked 
| 243|0x000000008f300000, 0x000000008f300000, 0x000000008f400000|  0%| F|  |TAMS 0x000000008f300000| PB 0x000000008f300000| Untracked 
| 244|0x000000008f400000, 0x000000008f400000, 0x000000008f500000|  0%| F|  |TAMS 0x000000008f400000| PB 0x000000008f400000| Untracked 
| 245|0x000000008f500000, 0x000000008f500000, 0x000000008f600000|  0%| F|  |TAMS 0x000000008f500000| PB 0x000000008f500000| Untracked 
| 246|0x000000008f600000, 0x000000008f600000, 0x000000008f700000|  0%| F|  |TAMS 0x000000008f600000| PB 0x000000008f600000| Untracked 
| 247|0x000000008f700000, 0x000000008f700000, 0x000000008f800000|  0%| F|  |TAMS 0x000000008f700000| PB 0x000000008f700000| Untracked 
| 248|0x000000008f800000, 0x000000008f800000, 0x000000008f900000|  0%| F|  |TAMS 0x000000008f800000| PB 0x000000008f800000| Untracked 
| 249|0x000000008f900000, 0x000000008f900000, 0x000000008fa00000|  0%| F|  |TAMS 0x000000008f900000| PB 0x000000008f900000| Untracked 
| 250|0x000000008fa00000, 0x000000008fa00000, 0x000000008fb00000|  0%| F|  |TAMS 0x000000008fa00000| PB 0x000000008fa00000| Untracked 
| 251|0x000000008fb00000, 0x000000008fb00000, 0x000000008fc00000|  0%| F|  |TAMS 0x000000008fb00000| PB 0x000000008fb00000| Untracked 
| 252|0x000000008fc00000, 0x000000008fc00000, 0x000000008fd00000|  0%| F|  |TAMS 0x000000008fc00000| PB 0x000000008fc00000| Untracked 
| 253|0x000000008fd00000, 0x000000008fd00000, 0x000000008fe00000|  0%| F|  |TAMS 0x000000008fd00000| PB 0x000000008fd00000| Untracked 
| 254|0x000000008fe00000, 0x000000008fe00000, 0x000000008ff00000|  0%| F|  |TAMS 0x000000008fe00000| PB 0x000000008fe00000| Untracked 
| 255|0x000000008ff00000, 0x000000008ff00000, 0x0000000090000000|  0%| F|  |TAMS 0x000000008ff00000| PB 0x000000008ff00000| Untracked 
| 256|0x0000000090000000, 0x0000000090000000, 0x0000000090100000|  0%| F|  |TAMS 0x0000000090000000| PB 0x0000000090000000| Untracked 
| 257|0x0000000090100000, 0x0000000090100000, 0x0000000090200000|  0%| F|  |TAMS 0x0000000090100000| PB 0x0000000090100000| Untracked 
| 258|0x0000000090200000, 0x0000000090200000, 0x0000000090300000|  0%| F|  |TAMS 0x0000000090200000| PB 0x0000000090200000| Untracked 
| 259|0x0000000090300000, 0x0000000090300000, 0x0000000090400000|  0%| F|  |TAMS 0x0000000090300000| PB 0x0000000090300000| Untracked 
| 260|0x0000000090400000, 0x0000000090400000, 0x0000000090500000|  0%| F|  |TAMS 0x0000000090400000| PB 0x0000000090400000| Untracked 
| 261|0x0000000090500000, 0x0000000090500000, 0x0000000090600000|  0%| F|  |TAMS 0x0000000090500000| PB 0x0000000090500000| Untracked 
| 262|0x0000000090600000, 0x0000000090600000, 0x0000000090700000|  0%| F|  |TAMS 0x0000000090600000| PB 0x0000000090600000| Untracked 
| 263|0x0000000090700000, 0x0000000090700000, 0x0000000090800000|  0%| F|  |TAMS 0x0000000090700000| PB 0x0000000090700000| Untracked 
| 264|0x0000000090800000, 0x0000000090800000, 0x0000000090900000|  0%| F|  |TAMS 0x0000000090800000| PB 0x0000000090800000| Untracked 
| 265|0x0000000090900000, 0x0000000090900000, 0x0000000090a00000|  0%| F|  |TAMS 0x0000000090900000| PB 0x0000000090900000| Untracked 
| 266|0x0000000090a00000, 0x0000000090a00000, 0x0000000090b00000|  0%| F|  |TAMS 0x0000000090a00000| PB 0x0000000090a00000| Untracked 
| 267|0x0000000090b00000, 0x0000000090b00000, 0x0000000090c00000|  0%| F|  |TAMS 0x0000000090b00000| PB 0x0000000090b00000| Untracked 
| 268|0x0000000090c00000, 0x0000000090c00000, 0x0000000090d00000|  0%| F|  |TAMS 0x0000000090c00000| PB 0x0000000090c00000| Untracked 
| 269|0x0000000090d00000, 0x0000000090d00000, 0x0000000090e00000|  0%| F|  |TAMS 0x0000000090d00000| PB 0x0000000090d00000| Untracked 
| 270|0x0000000090e00000, 0x0000000090e00000, 0x0000000090f00000|  0%| F|  |TAMS 0x0000000090e00000| PB 0x0000000090e00000| Untracked 
| 271|0x0000000090f00000, 0x0000000090f00000, 0x0000000091000000|  0%| F|  |TAMS 0x0000000090f00000| PB 0x0000000090f00000| Untracked 
| 272|0x0000000091000000, 0x0000000091000000, 0x0000000091100000|  0%| F|  |TAMS 0x0000000091000000| PB 0x0000000091000000| Untracked 
| 273|0x0000000091100000, 0x0000000091100000, 0x0000000091200000|  0%| F|  |TAMS 0x0000000091100000| PB 0x0000000091100000| Untracked 
| 274|0x0000000091200000, 0x0000000091200000, 0x0000000091300000|  0%| F|  |TAMS 0x0000000091200000| PB 0x0000000091200000| Untracked 
| 275|0x0000000091300000, 0x0000000091300000, 0x0000000091400000|  0%| F|  |TAMS 0x0000000091300000| PB 0x0000000091300000| Untracked 
| 276|0x0000000091400000, 0x0000000091400000, 0x0000000091500000|  0%| F|  |TAMS 0x0000000091400000| PB 0x0000000091400000| Untracked 
| 277|0x0000000091500000, 0x0000000091500000, 0x0000000091600000|  0%| F|  |TAMS 0x0000000091500000| PB 0x0000000091500000| Untracked 
| 278|0x0000000091600000, 0x0000000091600000, 0x0000000091700000|  0%| F|  |TAMS 0x0000000091600000| PB 0x0000000091600000| Untracked 
| 279|0x0000000091700000, 0x0000000091700000, 0x0000000091800000|  0%| F|  |TAMS 0x0000000091700000| PB 0x0000000091700000| Untracked 
| 280|0x0000000091800000, 0x0000000091800000, 0x0000000091900000|  0%| F|  |TAMS 0x0000000091800000| PB 0x0000000091800000| Untracked 
| 281|0x0000000091900000, 0x0000000091900000, 0x0000000091a00000|  0%| F|  |TAMS 0x0000000091900000| PB 0x0000000091900000| Untracked 
| 282|0x0000000091a00000, 0x0000000091a00000, 0x0000000091b00000|  0%| F|  |TAMS 0x0000000091a00000| PB 0x0000000091a00000| Untracked 
| 283|0x0000000091b00000, 0x0000000091b00000, 0x0000000091c00000|  0%| F|  |TAMS 0x0000000091b00000| PB 0x0000000091b00000| Untracked 
| 284|0x0000000091c00000, 0x0000000091c00000, 0x0000000091d00000|  0%| F|  |TAMS 0x0000000091c00000| PB 0x0000000091c00000| Untracked 
| 285|0x0000000091d00000, 0x0000000091d00000, 0x0000000091e00000|  0%| F|  |TAMS 0x0000000091d00000| PB 0x0000000091d00000| Untracked 
| 286|0x0000000091e00000, 0x0000000091e00000, 0x0000000091f00000|  0%| F|  |TAMS 0x0000000091e00000| PB 0x0000000091e00000| Untracked 
| 287|0x0000000091f00000, 0x0000000091f00000, 0x0000000092000000|  0%| F|  |TAMS 0x0000000091f00000| PB 0x0000000091f00000| Untracked 
| 288|0x0000000092000000, 0x0000000092000000, 0x0000000092100000|  0%| F|  |TAMS 0x0000000092000000| PB 0x0000000092000000| Untracked 
| 289|0x0000000092100000, 0x0000000092100000, 0x0000000092200000|  0%| F|  |TAMS 0x0000000092100000| PB 0x0000000092100000| Untracked 
| 290|0x0000000092200000, 0x0000000092200000, 0x0000000092300000|  0%| F|  |TAMS 0x0000000092200000| PB 0x0000000092200000| Untracked 
| 291|0x0000000092300000, 0x0000000092300000, 0x0000000092400000|  0%| F|  |TAMS 0x0000000092300000| PB 0x0000000092300000| Untracked 
| 292|0x0000000092400000, 0x0000000092400000, 0x0000000092500000|  0%| F|  |TAMS 0x0000000092400000| PB 0x0000000092400000| Untracked 
| 293|0x0000000092500000, 0x0000000092500000, 0x0000000092600000|  0%| F|  |TAMS 0x0000000092500000| PB 0x0000000092500000| Untracked 
| 294|0x0000000092600000, 0x0000000092600000, 0x0000000092700000|  0%| F|  |TAMS 0x0000000092600000| PB 0x0000000092600000| Untracked 
| 295|0x0000000092700000, 0x0000000092700000, 0x0000000092800000|  0%| F|  |TAMS 0x0000000092700000| PB 0x0000000092700000| Untracked 
| 296|0x0000000092800000, 0x0000000092800000, 0x0000000092900000|  0%| F|  |TAMS 0x0000000092800000| PB 0x0000000092800000| Untracked 
| 297|0x0000000092900000, 0x0000000092900000, 0x0000000092a00000|  0%| F|  |TAMS 0x0000000092900000| PB 0x0000000092900000| Untracked 
| 298|0x0000000092a00000, 0x0000000092a00000, 0x0000000092b00000|  0%| F|  |TAMS 0x0000000092a00000| PB 0x0000000092a00000| Untracked 
| 299|0x0000000092b00000, 0x0000000092b00000, 0x0000000092c00000|  0%| F|  |TAMS 0x0000000092b00000| PB 0x0000000092b00000| Untracked 
| 300|0x0000000092c00000, 0x0000000092c00000, 0x0000000092d00000|  0%| F|  |TAMS 0x0000000092c00000| PB 0x0000000092c00000| Untracked 
| 301|0x0000000092d00000, 0x0000000092d00000, 0x0000000092e00000|  0%| F|  |TAMS 0x0000000092d00000| PB 0x0000000092d00000| Untracked 
| 302|0x0000000092e00000, 0x0000000092e00000, 0x0000000092f00000|  0%| F|  |TAMS 0x0000000092e00000| PB 0x0000000092e00000| Untracked 
| 303|0x0000000092f00000, 0x0000000092f00000, 0x0000000093000000|  0%| F|  |TAMS 0x0000000092f00000| PB 0x0000000092f00000| Untracked 
| 304|0x0000000093000000, 0x0000000093000000, 0x0000000093100000|  0%| F|  |TAMS 0x0000000093000000| PB 0x0000000093000000| Untracked 
| 305|0x0000000093100000, 0x0000000093100000, 0x0000000093200000|  0%| F|  |TAMS 0x0000000093100000| PB 0x0000000093100000| Untracked 
| 306|0x0000000093200000, 0x0000000093200000, 0x0000000093300000|  0%| F|  |TAMS 0x0000000093200000| PB 0x0000000093200000| Untracked 
| 307|0x0000000093300000, 0x0000000093300000, 0x0000000093400000|  0%| F|  |TAMS 0x0000000093300000| PB 0x0000000093300000| Untracked 
| 308|0x0000000093400000, 0x0000000093400000, 0x0000000093500000|  0%| F|  |TAMS 0x0000000093400000| PB 0x0000000093400000| Untracked 
| 309|0x0000000093500000, 0x0000000093500000, 0x0000000093600000|  0%| F|  |TAMS 0x0000000093500000| PB 0x0000000093500000| Untracked 
| 310|0x0000000093600000, 0x0000000093600000, 0x0000000093700000|  0%| F|  |TAMS 0x0000000093600000| PB 0x0000000093600000| Untracked 
| 311|0x0000000093700000, 0x0000000093700000, 0x0000000093800000|  0%| F|  |TAMS 0x0000000093700000| PB 0x0000000093700000| Untracked 
| 312|0x0000000093800000, 0x0000000093800000, 0x0000000093900000|  0%| F|  |TAMS 0x0000000093800000| PB 0x0000000093800000| Untracked 
| 313|0x0000000093900000, 0x0000000093900000, 0x0000000093a00000|  0%| F|  |TAMS 0x0000000093900000| PB 0x0000000093900000| Untracked 
| 314|0x0000000093a00000, 0x0000000093a00000, 0x0000000093b00000|  0%| F|  |TAMS 0x0000000093a00000| PB 0x0000000093a00000| Untracked 
| 315|0x0000000093b00000, 0x0000000093b00000, 0x0000000093c00000|  0%| F|  |TAMS 0x0000000093b00000| PB 0x0000000093b00000| Untracked 
| 316|0x0000000093c00000, 0x0000000093c00000, 0x0000000093d00000|  0%| F|  |TAMS 0x0000000093c00000| PB 0x0000000093c00000| Untracked 
| 317|0x0000000093d00000, 0x0000000093d00000, 0x0000000093e00000|  0%| F|  |TAMS 0x0000000093d00000| PB 0x0000000093d00000| Untracked 
| 318|0x0000000093e00000, 0x0000000093e00000, 0x0000000093f00000|  0%| F|  |TAMS 0x0000000093e00000| PB 0x0000000093e00000| Untracked 
| 319|0x0000000093f00000, 0x0000000093f00000, 0x0000000094000000|  0%| F|  |TAMS 0x0000000093f00000| PB 0x0000000093f00000| Untracked 
| 320|0x0000000094000000, 0x0000000094000000, 0x0000000094100000|  0%| F|  |TAMS 0x0000000094000000| PB 0x0000000094000000| Untracked 
| 321|0x0000000094100000, 0x0000000094100000, 0x0000000094200000|  0%| F|  |TAMS 0x0000000094100000| PB 0x0000000094100000| Untracked 
| 322|0x0000000094200000, 0x0000000094200000, 0x0000000094300000|  0%| F|  |TAMS 0x0000000094200000| PB 0x0000000094200000| Untracked 
| 323|0x0000000094300000, 0x0000000094300000, 0x0000000094400000|  0%| F|  |TAMS 0x0000000094300000| PB 0x0000000094300000| Untracked 
| 324|0x0000000094400000, 0x0000000094400000, 0x0000000094500000|  0%| F|  |TAMS 0x0000000094400000| PB 0x0000000094400000| Untracked 
| 325|0x0000000094500000, 0x0000000094500000, 0x0000000094600000|  0%| F|  |TAMS 0x0000000094500000| PB 0x0000000094500000| Untracked 
| 326|0x0000000094600000, 0x0000000094600000, 0x0000000094700000|  0%| F|  |TAMS 0x0000000094600000| PB 0x0000000094600000| Untracked 
| 327|0x0000000094700000, 0x0000000094700000, 0x0000000094800000|  0%| F|  |TAMS 0x0000000094700000| PB 0x0000000094700000| Untracked 
| 328|0x0000000094800000, 0x0000000094800000, 0x0000000094900000|  0%| F|  |TAMS 0x0000000094800000| PB 0x0000000094800000| Untracked 
| 329|0x0000000094900000, 0x0000000094900000, 0x0000000094a00000|  0%| F|  |TAMS 0x0000000094900000| PB 0x0000000094900000| Untracked 
| 330|0x0000000094a00000, 0x0000000094a00000, 0x0000000094b00000|  0%| F|  |TAMS 0x0000000094a00000| PB 0x0000000094a00000| Untracked 
| 331|0x0000000094b00000, 0x0000000094b00000, 0x0000000094c00000|  0%| F|  |TAMS 0x0000000094b00000| PB 0x0000000094b00000| Untracked 
| 332|0x0000000094c00000, 0x0000000094c00000, 0x0000000094d00000|  0%| F|  |TAMS 0x0000000094c00000| PB 0x0000000094c00000| Untracked 
| 333|0x0000000094d00000, 0x0000000094d00000, 0x0000000094e00000|  0%| F|  |TAMS 0x0000000094d00000| PB 0x0000000094d00000| Untracked 
| 334|0x0000000094e00000, 0x0000000094e00000, 0x0000000094f00000|  0%| F|  |TAMS 0x0000000094e00000| PB 0x0000000094e00000| Untracked 
| 335|0x0000000094f00000, 0x0000000094f00000, 0x0000000095000000|  0%| F|  |TAMS 0x0000000094f00000| PB 0x0000000094f00000| Untracked 
| 336|0x0000000095000000, 0x0000000095000000, 0x0000000095100000|  0%| F|  |TAMS 0x0000000095000000| PB 0x0000000095000000| Untracked 
| 337|0x0000000095100000, 0x0000000095100000, 0x0000000095200000|  0%| F|  |TAMS 0x0000000095100000| PB 0x0000000095100000| Untracked 
| 338|0x0000000095200000, 0x0000000095200000, 0x0000000095300000|  0%| F|  |TAMS 0x0000000095200000| PB 0x0000000095200000| Untracked 
| 339|0x0000000095300000, 0x0000000095300000, 0x0000000095400000|  0%| F|  |TAMS 0x0000000095300000| PB 0x0000000095300000| Untracked 
| 340|0x0000000095400000, 0x0000000095400000, 0x0000000095500000|  0%| F|  |TAMS 0x0000000095400000| PB 0x0000000095400000| Untracked 
| 341|0x0000000095500000, 0x0000000095500000, 0x0000000095600000|  0%| F|  |TAMS 0x0000000095500000| PB 0x0000000095500000| Untracked 
| 342|0x0000000095600000, 0x0000000095600000, 0x0000000095700000|  0%| F|  |TAMS 0x0000000095600000| PB 0x0000000095600000| Untracked 
| 343|0x0000000095700000, 0x0000000095700000, 0x0000000095800000|  0%| F|  |TAMS 0x0000000095700000| PB 0x0000000095700000| Untracked 
| 344|0x0000000095800000, 0x0000000095800000, 0x0000000095900000|  0%| F|  |TAMS 0x0000000095800000| PB 0x0000000095800000| Untracked 
| 345|0x0000000095900000, 0x0000000095900000, 0x0000000095a00000|  0%| F|  |TAMS 0x0000000095900000| PB 0x0000000095900000| Untracked 
| 346|0x0000000095a00000, 0x0000000095a00000, 0x0000000095b00000|  0%| F|  |TAMS 0x0000000095a00000| PB 0x0000000095a00000| Untracked 
| 347|0x0000000095b00000, 0x0000000095b00000, 0x0000000095c00000|  0%| F|  |TAMS 0x0000000095b00000| PB 0x0000000095b00000| Untracked 
| 348|0x0000000095c00000, 0x0000000095c00000, 0x0000000095d00000|  0%| F|  |TAMS 0x0000000095c00000| PB 0x0000000095c00000| Untracked 
| 349|0x0000000095d00000, 0x0000000095d00000, 0x0000000095e00000|  0%| F|  |TAMS 0x0000000095d00000| PB 0x0000000095d00000| Untracked 
| 350|0x0000000095e00000, 0x0000000095e00000, 0x0000000095f00000|  0%| F|  |TAMS 0x0000000095e00000| PB 0x0000000095e00000| Untracked 
| 351|0x0000000095f00000, 0x0000000095f00000, 0x0000000096000000|  0%| F|  |TAMS 0x0000000095f00000| PB 0x0000000095f00000| Untracked 
| 352|0x0000000096000000, 0x0000000096000000, 0x0000000096100000|  0%| F|  |TAMS 0x0000000096000000| PB 0x0000000096000000| Untracked 
| 353|0x0000000096100000, 0x0000000096100000, 0x0000000096200000|  0%| F|  |TAMS 0x0000000096100000| PB 0x0000000096100000| Untracked 
| 354|0x0000000096200000, 0x0000000096200000, 0x0000000096300000|  0%| F|  |TAMS 0x0000000096200000| PB 0x0000000096200000| Untracked 
| 355|0x0000000096300000, 0x0000000096300000, 0x0000000096400000|  0%| F|  |TAMS 0x0000000096300000| PB 0x0000000096300000| Untracked 
| 356|0x0000000096400000, 0x0000000096400000, 0x0000000096500000|  0%| F|  |TAMS 0x0000000096400000| PB 0x0000000096400000| Untracked 
| 357|0x0000000096500000, 0x0000000096500000, 0x0000000096600000|  0%| F|  |TAMS 0x0000000096500000| PB 0x0000000096500000| Untracked 
| 358|0x0000000096600000, 0x0000000096600000, 0x0000000096700000|  0%| F|  |TAMS 0x0000000096600000| PB 0x0000000096600000| Untracked 
| 359|0x0000000096700000, 0x0000000096700000, 0x0000000096800000|  0%| F|  |TAMS 0x0000000096700000| PB 0x0000000096700000| Untracked 
| 360|0x0000000096800000, 0x0000000096800000, 0x0000000096900000|  0%| F|  |TAMS 0x0000000096800000| PB 0x0000000096800000| Untracked 
| 361|0x0000000096900000, 0x0000000096900000, 0x0000000096a00000|  0%| F|  |TAMS 0x0000000096900000| PB 0x0000000096900000| Untracked 
| 362|0x0000000096a00000, 0x0000000096a00000, 0x0000000096b00000|  0%| F|  |TAMS 0x0000000096a00000| PB 0x0000000096a00000| Untracked 
| 363|0x0000000096b00000, 0x0000000096b00000, 0x0000000096c00000|  0%| F|  |TAMS 0x0000000096b00000| PB 0x0000000096b00000| Untracked 
| 364|0x0000000096c00000, 0x0000000096c00000, 0x0000000096d00000|  0%| F|  |TAMS 0x0000000096c00000| PB 0x0000000096c00000| Untracked 
| 365|0x0000000096d00000, 0x0000000096d00000, 0x0000000096e00000|  0%| F|  |TAMS 0x0000000096d00000| PB 0x0000000096d00000| Untracked 
| 366|0x0000000096e00000, 0x0000000096e00000, 0x0000000096f00000|  0%| F|  |TAMS 0x0000000096e00000| PB 0x0000000096e00000| Untracked 
| 367|0x0000000096f00000, 0x0000000096f00000, 0x0000000097000000|  0%| F|  |TAMS 0x0000000096f00000| PB 0x0000000096f00000| Untracked 
| 368|0x0000000097000000, 0x0000000097000000, 0x0000000097100000|  0%| F|  |TAMS 0x0000000097000000| PB 0x0000000097000000| Untracked 
| 369|0x0000000097100000, 0x0000000097100000, 0x0000000097200000|  0%| F|  |TAMS 0x0000000097100000| PB 0x0000000097100000| Untracked 
| 370|0x0000000097200000, 0x0000000097200000, 0x0000000097300000|  0%| F|  |TAMS 0x0000000097200000| PB 0x0000000097200000| Untracked 
| 371|0x0000000097300000, 0x0000000097300000, 0x0000000097400000|  0%| F|  |TAMS 0x0000000097300000| PB 0x0000000097300000| Untracked 
| 372|0x0000000097400000, 0x0000000097400000, 0x0000000097500000|  0%| F|  |TAMS 0x0000000097400000| PB 0x0000000097400000| Untracked 
| 373|0x0000000097500000, 0x0000000097500000, 0x0000000097600000|  0%| F|  |TAMS 0x0000000097500000| PB 0x0000000097500000| Untracked 
| 374|0x0000000097600000, 0x0000000097600000, 0x0000000097700000|  0%| F|  |TAMS 0x0000000097600000| PB 0x0000000097600000| Untracked 
| 375|0x0000000097700000, 0x0000000097700000, 0x0000000097800000|  0%| F|  |TAMS 0x0000000097700000| PB 0x0000000097700000| Untracked 
| 376|0x0000000097800000, 0x0000000097800000, 0x0000000097900000|  0%| F|  |TAMS 0x0000000097800000| PB 0x0000000097800000| Untracked 
| 377|0x0000000097900000, 0x0000000097900000, 0x0000000097a00000|  0%| F|  |TAMS 0x0000000097900000| PB 0x0000000097900000| Untracked 
| 378|0x0000000097a00000, 0x0000000097a00000, 0x0000000097b00000|  0%| F|  |TAMS 0x0000000097a00000| PB 0x0000000097a00000| Untracked 
| 379|0x0000000097b00000, 0x0000000097b00000, 0x0000000097c00000|  0%| F|  |TAMS 0x0000000097b00000| PB 0x0000000097b00000| Untracked 
| 380|0x0000000097c00000, 0x0000000097c00000, 0x0000000097d00000|  0%| F|  |TAMS 0x0000000097c00000| PB 0x0000000097c00000| Untracked 
| 381|0x0000000097d00000, 0x0000000097d00000, 0x0000000097e00000|  0%| F|  |TAMS 0x0000000097d00000| PB 0x0000000097d00000| Untracked 
| 382|0x0000000097e00000, 0x0000000097e00000, 0x0000000097f00000|  0%| F|  |TAMS 0x0000000097e00000| PB 0x0000000097e00000| Untracked 
| 383|0x0000000097f00000, 0x0000000097f00000, 0x0000000098000000|  0%| F|  |TAMS 0x0000000097f00000| PB 0x0000000097f00000| Untracked 
| 384|0x0000000098000000, 0x0000000098000000, 0x0000000098100000|  0%| F|  |TAMS 0x0000000098000000| PB 0x0000000098000000| Untracked 
| 385|0x0000000098100000, 0x0000000098100000, 0x0000000098200000|  0%| F|  |TAMS 0x0000000098100000| PB 0x0000000098100000| Untracked 
| 386|0x0000000098200000, 0x0000000098200000, 0x0000000098300000|  0%| F|  |TAMS 0x0000000098200000| PB 0x0000000098200000| Untracked 
| 387|0x0000000098300000, 0x0000000098300000, 0x0000000098400000|  0%| F|  |TAMS 0x0000000098300000| PB 0x0000000098300000| Untracked 
| 539|0x00000000a1b00000, 0x00000000a1b00000, 0x00000000a1c00000|  0%| F|  |TAMS 0x00000000a1b00000| PB 0x00000000a1b00000| Untracked 
| 540|0x00000000a1c00000, 0x00000000a1c00000, 0x00000000a1d00000|  0%| F|  |TAMS 0x00000000a1c00000| PB 0x00000000a1c00000| Untracked 
| 541|0x00000000a1d00000, 0x00000000a1e00000, 0x00000000a1e00000|100%| S|CS|TAMS 0x00000000a1d00000| PB 0x00000000a1d00000| Complete 
| 542|0x00000000a1e00000, 0x00000000a1e00000, 0x00000000a1f00000|  0%| F|  |TAMS 0x00000000a1e00000| PB 0x00000000a1e00000| Untracked 
| 543|0x00000000a1f00000, 0x00000000a1f00000, 0x00000000a2000000|  0%| F|  |TAMS 0x00000000a1f00000| PB 0x00000000a1f00000| Untracked 
| 544|0x00000000a2000000, 0x00000000a2100000, 0x00000000a2100000|100%| S|CS|TAMS 0x00000000a2000000| PB 0x00000000a2000000| Complete 
| 545|0x00000000a2100000, 0x00000000a2200000, 0x00000000a2200000|100%| S|CS|TAMS 0x00000000a2100000| PB 0x00000000a2100000| Complete 
| 546|0x00000000a2200000, 0x00000000a2200000, 0x00000000a2300000|  0%| F|  |TAMS 0x00000000a2200000| PB 0x00000000a2200000| Untracked 
| 547|0x00000000a2300000, 0x00000000a2300000, 0x00000000a2400000|  0%| F|  |TAMS 0x00000000a2300000| PB 0x00000000a2300000| Untracked 
| 548|0x00000000a2400000, 0x00000000a2400000, 0x00000000a2500000|  0%| F|  |TAMS 0x00000000a2400000| PB 0x00000000a2400000| Untracked 
| 549|0x00000000a2500000, 0x00000000a2500000, 0x00000000a2600000|  0%| F|  |TAMS 0x00000000a2500000| PB 0x00000000a2500000| Untracked 
| 550|0x00000000a2600000, 0x00000000a2600000, 0x00000000a2700000|  0%| F|  |TAMS 0x00000000a2600000| PB 0x00000000a2600000| Untracked 
| 551|0x00000000a2700000, 0x00000000a2700000, 0x00000000a2800000|  0%| F|  |TAMS 0x00000000a2700000| PB 0x00000000a2700000| Untracked 
| 552|0x00000000a2800000, 0x00000000a2893528, 0x00000000a2900000| 57%| E|  |TAMS 0x00000000a2800000| PB 0x00000000a2800000| Complete 
| 553|0x00000000a2900000, 0x00000000a2a00000, 0x00000000a2a00000|100%| E|CS|TAMS 0x00000000a2900000| PB 0x00000000a2900000| Complete 
| 554|0x00000000a2a00000, 0x00000000a2b00000, 0x00000000a2b00000|100%| E|CS|TAMS 0x00000000a2a00000| PB 0x00000000a2a00000| Complete 
| 555|0x00000000a2b00000, 0x00000000a2c00000, 0x00000000a2c00000|100%| E|CS|TAMS 0x00000000a2b00000| PB 0x00000000a2b00000| Complete 
| 556|0x00000000a2c00000, 0x00000000a2d00000, 0x00000000a2d00000|100%| E|CS|TAMS 0x00000000a2c00000| PB 0x00000000a2c00000| Complete 
| 557|0x00000000a2d00000, 0x00000000a2e00000, 0x00000000a2e00000|100%| E|CS|TAMS 0x00000000a2d00000| PB 0x00000000a2d00000| Complete 
| 558|0x00000000a2e00000, 0x00000000a2f00000, 0x00000000a2f00000|100%| E|CS|TAMS 0x00000000a2e00000| PB 0x00000000a2e00000| Complete 
| 559|0x00000000a2f00000, 0x00000000a3000000, 0x00000000a3000000|100%| E|CS|TAMS 0x00000000a2f00000| PB 0x00000000a2f00000| Complete 
| 560|0x00000000a3000000, 0x00000000a3100000, 0x00000000a3100000|100%| E|CS|TAMS 0x00000000a3000000| PB 0x00000000a3000000| Complete 
|2041|0x00000000ff900000, 0x00000000ffa00000, 0x00000000ffa00000|100%| E|CS|TAMS 0x00000000ff900000| PB 0x00000000ff900000| Complete 
|2042|0x00000000ffa00000, 0x00000000ffb00000, 0x00000000ffb00000|100%| O|  |TAMS 0x00000000ffb00000| PB 0x00000000ffa00000| Untracked 
|2043|0x00000000ffb00000, 0x00000000ffc00000, 0x00000000ffc00000|100%| E|CS|TAMS 0x00000000ffb00000| PB 0x00000000ffb00000| Complete 
|2044|0x00000000ffc00000, 0x00000000ffd00000, 0x00000000ffd00000|100%| E|CS|TAMS 0x00000000ffc00000| PB 0x00000000ffc00000| Complete 
|2045|0x00000000ffd00000, 0x00000000ffe00000, 0x00000000ffe00000|100%| O|  |TAMS 0x00000000ffe00000| PB 0x00000000ffd00000| Untracked 
|2046|0x00000000ffe00000, 0x00000000fff00000, 0x00000000fff00000|100%| O|  |TAMS 0x00000000fff00000| PB 0x00000000ffe00000| Untracked 
|2047|0x00000000fff00000, 0x0000000100000000, 0x0000000100000000|100%| O|  |TAMS 0x0000000100000000| PB 0x00000000fff00000| Untracked 

Card table byte_map: [0x0000018c99b60000,0x0000018c99f60000] _byte_map_base: 0x0000018c99760000

Marking Bits: (CMBitMap*) 0x0000018c87654b90
 Bits: [0x0000018c99f60000, 0x0000018c9bf60000)

Polling page: 0x0000018c85280000

Metaspace:

Usage:
  Non-class:    126.19 MB used.
      Class:     19.72 MB used.
       Both:    145.91 MB used.

Virtual space:
  Non-class space:      128.00 MB reserved,     127.50 MB (>99%) committed,  2 nodes.
      Class space:        1.00 GB reserved,      20.94 MB (  2%) committed,  1 nodes.
             Both:        1.12 GB reserved,     148.44 MB ( 13%) committed. 

Chunk freelists:
   Non-Class:  290.00 KB
       Class:  11.09 MB
        Both:  11.38 MB

MaxMetaspaceSize: unlimited
CompressedClassSpaceSize: 1.00 GB
Initial GC threshold: 21.00 MB
Current GC threshold: 243.44 MB
CDS: off
 - commit_granule_bytes: 65536.
 - commit_granule_words: 8192.
 - virtual_space_node_default_size: 8388608.
 - enlarge_chunks_in_place: 1.
 - use_allocation_guard: 0.


Internal statistics:

num_allocs_failed_limit: 6.
num_arena_births: 5140.
num_arena_deaths: 2.
num_vsnodes_births: 3.
num_vsnodes_deaths: 0.
num_space_committed: 2373.
num_space_uncommitted: 0.
num_chunks_returned_to_freelist: 8.
num_chunks_taken_from_freelist: 11607.
num_chunk_merges: 3.
num_chunk_splits: 7576.
num_chunks_enlarged: 4729.
num_inconsistent_stats: 0.

CodeHeap 'non-profiled nmethods': size=120000Kb used=9186Kb max_used=9186Kb free=110813Kb
 bounds [0x0000018c92230000, 0x0000018c92b30000, 0x0000018c99760000]
CodeHeap 'profiled nmethods': size=120000Kb used=24040Kb max_used=24040Kb free=95959Kb
 bounds [0x0000018c8a760000, 0x0000018c8bee0000, 0x0000018c91c90000]
CodeHeap 'non-nmethods': size=5760Kb used=2413Kb max_used=2482Kb free=3346Kb
 bounds [0x0000018c91c90000, 0x0000018c91f10000, 0x0000018c92230000]
CodeCache: size=245760Kb, used=35639Kb, max_used=35708Kb, free=210118Kb
 total_blobs=13285, nmethods=12273, adapters=916, full_count=0
Compilation: enabled, stopped_count=0, restarted_count=0

Compilation events (20 events):
Event: 351.539 Thread 0x0000018c9e6522f0 18662       4       org.codehaus.groovy.runtime.metaclass.MetaMethodIndex::resize (107 bytes)
Event: 351.540 Thread 0x0000018c9e62ea10 nmethod 18659 0x0000018c8bed0490 code [0x0000018c8bed08a0, 0x0000018c8bed2928]
Event: 351.540 Thread 0x0000018c9e62ea10 18660       3       org.codehaus.groovy.reflection.CachedClass$3$$Lambda/0x00000001006e9720::run (8 bytes)
Event: 351.540 Thread 0x0000018c9e62ea10 nmethod 18660 0x0000018c8bed3610 code [0x0000018c8bed37c0, 0x0000018c8bed3900]
Event: 351.546 Thread 0x0000018c9e6522f0 nmethod 18662 0x0000018c92b27510 code [0x0000018c92b276c0, 0x0000018c92b27cd0]
Event: 351.547 Thread 0x0000018c9e62ea10 18663 %     3       groovy.lang.MetaClassImpl::inheritInterfaceNewMetaMethods @ 129 (218 bytes)
Event: 351.548 Thread 0x0000018c9e62ea10 nmethod 18663% 0x0000018c8bed3a10 code [0x0000018c8bed3d40, 0x0000018c8bed5390]
Event: 351.558 Thread 0x0000018c9e6522f0 18664       4       java.lang.Class::getEnclosingClass (70 bytes)
Event: 351.563 Thread 0x0000018c9e6522f0 nmethod 18664 0x0000018c92b27e90 code [0x0000018c92b280a0, 0x0000018c92b286d8]
Event: 351.566 Thread 0x0000018c9e62ea10 18665       3       java.beans.MethodRef::isSet (13 bytes)
Event: 351.567 Thread 0x0000018c9e6522f0 18666   !   4       com.sun.beans.TypeResolver::resolve (268 bytes)
Event: 351.567 Thread 0x0000018c9e62ea10 nmethod 18665 0x0000018c8bed5c10 code [0x0000018c8bed5da0, 0x0000018c8bed5f00]
Event: 351.567 Thread 0x0000018c9e62ea10 18667       3       java.beans.PropertyDescriptor::isAssignable (148 bytes)
Event: 351.571 Thread 0x0000018c9e62ea10 nmethod 18667 0x0000018c8bed5f90 code [0x0000018c8bed6600, 0x0000018c8bed98e0]
Event: 351.571 Thread 0x0000018c9e62ea10 18668       3       java.beans.PropertyDescriptor::setPropertyEditorClass (9 bytes)
Event: 351.571 Thread 0x0000018c9e62ea10 nmethod 18668 0x0000018c8beda890 code [0x0000018c8bedaa60, 0x0000018c8bedade0]
Event: 351.571 Thread 0x0000018c9e62ea10 18669  s    3       java.beans.PropertyDescriptor::setReadMethod (22 bytes)
Event: 351.572 Thread 0x0000018c9e62ea10 nmethod 18669 0x0000018c8bedaf10 code [0x0000018c8bedb120, 0x0000018c8bedb6c0]
Event: 351.578 Thread 0x0000018c9e62ea10 18670       3       groovy.lang.MetaClassImpl$1::skipClass (17 bytes)
Event: 351.579 Thread 0x0000018c9e62ea10 nmethod 18670 0x0000018c8bedb910 code [0x0000018c8bedbac0, 0x0000018c8bedbc28]

GC Heap History (20 events):
Event: 256.217 GC heap before
{Heap before GC invocations=63 (full 0):
 garbage-first heap   total 427008K, used 162501K [0x0000000080000000, 0x0000000100000000)
  region size 1024K, 20 young (20480K), 13 survivors (13312K)
 Metaspace       used 135901K, committed 138432K, reserved 1179648K
  class space    used 18497K, committed 19712K, reserved 1048576K
}
Event: 256.237 GC heap after
{Heap after GC invocations=64 (full 0):
 garbage-first heap   total 427008K, used 156446K [0x0000000080000000, 0x0000000100000000)
  region size 1024K, 2 young (2048K), 2 survivors (2048K)
 Metaspace       used 135901K, committed 138432K, reserved 1179648K
  class space    used 18497K, committed 19712K, reserved 1048576K
}
Event: 256.511 GC heap before
{Heap before GC invocations=65 (full 0):
 garbage-first heap   total 427008K, used 192286K [0x0000000080000000, 0x0000000100000000)
  region size 1024K, 38 young (38912K), 2 survivors (2048K)
 Metaspace       used 135906K, committed 138432K, reserved 1179648K
  class space    used 18497K, committed 19712K, reserved 1048576K
}
Event: 256.515 GC heap after
{Heap after GC invocations=66 (full 0):
 garbage-first heap   total 427008K, used 156507K [0x0000000080000000, 0x0000000100000000)
  region size 1024K, 2 young (2048K), 2 survivors (2048K)
 Metaspace       used 135906K, committed 138432K, reserved 1179648K
  class space    used 18497K, committed 19712K, reserved 1048576K
}
Event: 262.502 GC heap before
{Heap before GC invocations=66 (full 0):
 garbage-first heap   total 427008K, used 366427K [0x0000000080000000, 0x0000000100000000)
  region size 1024K, 208 young (212992K), 2 survivors (2048K)
 Metaspace       used 145191K, committed 147712K, reserved 1179648K
  class space    used 19676K, committed 20864K, reserved 1048576K
}
Event: 262.522 GC heap after
{Heap after GC invocations=67 (full 0):
 garbage-first heap   total 427008K, used 167524K [0x0000000080000000, 0x0000000100000000)
  region size 1024K, 13 young (13312K), 13 survivors (13312K)
 Metaspace       used 145191K, committed 147712K, reserved 1179648K
  class space    used 19676K, committed 20864K, reserved 1048576K
}
Event: 262.608 GC heap before
{Heap before GC invocations=67 (full 0):
 garbage-first heap   total 427008K, used 174692K [0x0000000080000000, 0x0000000100000000)
  region size 1024K, 20 young (20480K), 13 survivors (13312K)
 Metaspace       used 146417K, committed 148992K, reserved 1179648K
  class space    used 19810K, committed 21056K, reserved 1048576K
}
Event: 262.633 GC heap after
{Heap after GC invocations=68 (full 0):
 garbage-first heap   total 427008K, used 168751K [0x0000000080000000, 0x0000000100000000)
  region size 1024K, 2 young (2048K), 2 survivors (2048K)
 Metaspace       used 146417K, committed 148992K, reserved 1179648K
  class space    used 19810K, committed 21056K, reserved 1048576K
}
Event: 336.847 GC heap before
{Heap before GC invocations=69 (full 0):
 garbage-first heap   total 427008K, used 263983K [0x0000000080000000, 0x0000000100000000)
  region size 1024K, 95 young (97280K), 2 survivors (2048K)
 Metaspace       used 147599K, committed 150208K, reserved 1179648K
  class space    used 19981K, committed 21248K, reserved 1048576K
}
Event: 339.183 GC heap after
{Heap after GC invocations=70 (full 0):
 garbage-first heap   total 427008K, used 170266K [0x0000000080000000, 0x0000000100000000)
  region size 1024K, 3 young (3072K), 3 survivors (3072K)
 Metaspace       used 147599K, committed 150208K, reserved 1179648K
  class space    used 19981K, committed 21248K, reserved 1048576K
}
Event: 339.806 GC heap before
{Heap before GC invocations=70 (full 0):
 garbage-first heap   total 427008K, used 187674K [0x0000000080000000, 0x0000000100000000)
  region size 1024K, 20 young (20480K), 3 survivors (3072K)
 Metaspace       used 147650K, committed 150272K, reserved 1179648K
  class space    used 19983K, committed 21248K, reserved 1048576K
}
Event: 339.840 GC heap after
{Heap after GC invocations=71 (full 0):
 garbage-first heap   total 427008K, used 171129K [0x0000000080000000, 0x0000000100000000)
  region size 1024K, 2 young (2048K), 2 survivors (2048K)
 Metaspace       used 147650K, committed 150272K, reserved 1179648K
  class space    used 19983K, committed 21248K, reserved 1048576K
}
Event: 340.265 GC heap before
{Heap before GC invocations=71 (full 0):
 garbage-first heap   total 427008K, used 189561K [0x0000000080000000, 0x0000000100000000)
  region size 1024K, 20 young (20480K), 2 survivors (2048K)
 Metaspace       used 147671K, committed 150272K, reserved 1179648K
  class space    used 19983K, committed 21248K, reserved 1048576K
}
Event: 340.281 GC heap after
{Heap after GC invocations=72 (full 0):
 garbage-first heap   total 427008K, used 172816K [0x0000000080000000, 0x0000000100000000)
  region size 1024K, 3 young (3072K), 3 survivors (3072K)
 Metaspace       used 147671K, committed 150272K, reserved 1179648K
  class space    used 19983K, committed 21248K, reserved 1048576K
}
Event: 345.254 GC heap before
{Heap before GC invocations=72 (full 0):
 garbage-first heap   total 427008K, used 190224K [0x0000000080000000, 0x0000000100000000)
  region size 1024K, 20 young (20480K), 3 survivors (3072K)
 Metaspace       used 147875K, committed 150464K, reserved 1179648K
  class space    used 19997K, committed 21248K, reserved 1048576K
}
Event: 345.312 GC heap after
{Heap after GC invocations=73 (full 0):
 garbage-first heap   total 427008K, used 175105K [0x0000000080000000, 0x0000000100000000)
  region size 1024K, 3 young (3072K), 3 survivors (3072K)
 Metaspace       used 147875K, committed 150464K, reserved 1179648K
  class space    used 19997K, committed 21248K, reserved 1048576K
}
Event: 350.762 GC heap before
{Heap before GC invocations=73 (full 0):
 garbage-first heap   total 427008K, used 192513K [0x0000000080000000, 0x0000000100000000)
  region size 1024K, 20 young (20480K), 3 survivors (3072K)
 Metaspace       used 148702K, committed 151360K, reserved 1179648K
  class space    used 20108K, committed 21376K, reserved 1048576K
}
Event: 350.784 GC heap after
{Heap after GC invocations=74 (full 0):
 garbage-first heap   total 427008K, used 176485K [0x0000000080000000, 0x0000000100000000)
  region size 1024K, 2 young (2048K), 2 survivors (2048K)
 Metaspace       used 148702K, committed 151360K, reserved 1179648K
  class space    used 20108K, committed 21376K, reserved 1048576K
}
Event: 351.128 GC heap before
{Heap before GC invocations=74 (full 0):
 garbage-first heap   total 427008K, used 194917K [0x0000000080000000, 0x0000000100000000)
  region size 1024K, 20 young (20480K), 2 survivors (2048K)
 Metaspace       used 149373K, committed 152000K, reserved 1179648K
  class space    used 20194K, committed 21440K, reserved 1048576K
}
Event: 351.142 GC heap after
{Heap after GC invocations=75 (full 0):
 garbage-first heap   total 427008K, used 178109K [0x0000000080000000, 0x0000000100000000)
  region size 1024K, 3 young (3072K), 3 survivors (3072K)
 Metaspace       used 149373K, committed 152000K, reserved 1179648K
  class space    used 20194K, committed 21440K, reserved 1048576K
}

Dll operation events (3 events):
Event: 0.015 Loaded shared library C:\Program Files\Android\Android Studio\jbr\bin\java.dll
Event: 0.020 Loaded shared library C:\Program Files\Android\Android Studio\jbr\bin\zip.dll
Event: 0.808 Loaded shared library C:\Program Files\Android\Android Studio\jbr\bin\verify.dll

Deoptimization events (20 events):
Event: 351.127 Thread 0x0000018cb05ab910 DEOPT PACKING pc=0x0000018c92ae6a04 sp=0x000000215c5f8d60
Event: 351.127 Thread 0x0000018cb05ab910 DEOPT UNPACKING pc=0x0000018c91ce7aa2 sp=0x000000215c5f8d28 mode 2
Event: 351.215 Thread 0x0000018cb05ab910 Uncommon trap: trap_request=0xffffffc6 fr.pc=0x0000018c92ae6a04 relative=0x0000000000000164
Event: 351.215 Thread 0x0000018cb05ab910 Uncommon trap: reason=bimorphic_or_optimized_type_check action=maybe_recompile pc=0x0000018c92ae6a04 method=java.util.HashMap.removeNode(ILjava/lang/Object;Ljava/lang/Object;ZZ)Ljava/util/HashMap$Node; @ 283 c2
Event: 351.215 Thread 0x0000018cb05ab910 DEOPT PACKING pc=0x0000018c92ae6a04 sp=0x000000215c5f8d80
Event: 351.215 Thread 0x0000018cb05ab910 DEOPT UNPACKING pc=0x0000018c91ce7aa2 sp=0x000000215c5f8d18 mode 2
Event: 351.221 Thread 0x0000018cb05ab910 Uncommon trap: trap_request=0xffffffc6 fr.pc=0x0000018c92ae6a04 relative=0x0000000000000164
Event: 351.221 Thread 0x0000018cb05ab910 Uncommon trap: reason=bimorphic_or_optimized_type_check action=maybe_recompile pc=0x0000018c92ae6a04 method=java.util.HashMap.removeNode(ILjava/lang/Object;Ljava/lang/Object;ZZ)Ljava/util/HashMap$Node; @ 283 c2
Event: 351.222 Thread 0x0000018cb05ab910 DEOPT PACKING pc=0x0000018c92ae6a04 sp=0x000000215c5f8d80
Event: 351.222 Thread 0x0000018cb05ab910 DEOPT UNPACKING pc=0x0000018c91ce7aa2 sp=0x000000215c5f8d18 mode 2
Event: 351.398 Thread 0x0000018cb05ab910 Uncommon trap: trap_request=0xffffff45 fr.pc=0x0000018c92555934 relative=0x00000000000006b4
Event: 351.398 Thread 0x0000018cb05ab910 Uncommon trap: reason=unstable_if action=reinterpret pc=0x0000018c92555934 method=groovy.lang.MetaClassImpl.filterPropertyMethod(Ljava/lang/Object;ZZ)Ljava/lang/Object; @ 72 c2
Event: 351.398 Thread 0x0000018cb05ab910 DEOPT PACKING pc=0x0000018c92555934 sp=0x000000215c5f85a0
Event: 351.398 Thread 0x0000018cb05ab910 DEOPT UNPACKING pc=0x0000018c91ce7aa2 sp=0x000000215c5f8510 mode 2
Event: 351.541 Thread 0x0000018cb05ab910 DEOPT PACKING pc=0x0000018c8b043812 sp=0x000000215c5f8570
Event: 351.541 Thread 0x0000018cb05ab910 DEOPT UNPACKING pc=0x0000018c91ce85e2 sp=0x000000215c5f79c0 mode 0
Event: 351.558 Thread 0x0000018cb05ab910 Uncommon trap: trap_request=0xffffffde fr.pc=0x0000018c925b8918 relative=0x0000000000000cd8
Event: 351.558 Thread 0x0000018cb05ab910 Uncommon trap: reason=class_check action=maybe_recompile pc=0x0000018c925b8918 method=java.util.WeakHashMap.matchesKey(Ljava/util/WeakHashMap$Entry;Ljava/lang/Object;)Z @ 21 c2
Event: 351.558 Thread 0x0000018cb05ab910 DEOPT PACKING pc=0x0000018c925b8918 sp=0x000000215c5f7cd0
Event: 351.558 Thread 0x0000018cb05ab910 DEOPT UNPACKING pc=0x0000018c91ce7aa2 sp=0x000000215c5f7c30 mode 2

Classes loaded (20 events):
Event: 261.618 Loading class sun/security/ssl/PreSharedKeyExtension$PskIdentity
Event: 261.618 Loading class sun/security/ssl/PreSharedKeyExtension$PskIdentity done
Event: 261.618 Loading class sun/security/ssl/PreSharedKeyExtension$CHPreSharedKeySpec
Event: 261.619 Loading class sun/security/ssl/PreSharedKeyExtension$CHPreSharedKeySpec done
Event: 261.619 Loading class sun/security/ssl/PreSharedKeyExtension$PartialClientHelloMessage
Event: 261.619 Loading class sun/security/ssl/PreSharedKeyExtension$PartialClientHelloMessage done
Event: 261.619 Loading class sun/security/ssl/SSLEngineOutputRecord
Event: 261.619 Loading class sun/security/ssl/SSLEngineOutputRecord done
Event: 261.619 Loading class sun/security/ssl/SSLEngineOutputRecord$HandshakeFragment
Event: 261.620 Loading class sun/security/ssl/SSLEngineOutputRecord$HandshakeFragment done
Event: 261.620 Loading class sun/security/ssl/SSLEngineOutputRecord$HandshakeMemo
Event: 261.620 Loading class sun/security/ssl/SSLEngineOutputRecord$RecordMemo
Event: 261.620 Loading class sun/security/ssl/SSLEngineOutputRecord$RecordMemo done
Event: 261.620 Loading class sun/security/ssl/SSLEngineOutputRecord$HandshakeMemo done
Event: 261.677 Loading class sun/security/ssl/PreSharedKeyExtension$SHPreSharedKeySpec
Event: 261.677 Loading class sun/security/ssl/PreSharedKeyExtension$SHPreSharedKeySpec done
Event: 263.242 Loading class sun/security/ssl/ServerNameExtension$SHServerNamesSpec
Event: 263.242 Loading class sun/security/ssl/ServerNameExtension$SHServerNamesSpec done
Event: 263.403 Loading class java/net/UrlDeserializedState
Event: 263.404 Loading class java/net/UrlDeserializedState done

Classes unloaded (1 events):
Event: 251.912 Thread 0x0000018c9e45d360 Unloading class 0x0000000100f08000 'java/lang/invoke/LambdaForm$MH+0x0000000100f08000'

Classes redefined (0 events):
No events

Internal exceptions (20 events):
Event: 351.317 Thread 0x0000018cb05ab910 Exception <a 'sun/nio/fs/WindowsException'{0x00000000a30ac720}> (0x00000000a30ac720) 
thrown [s\src\hotspot\share\prims\jni.cpp, line 537]
Event: 351.317 Thread 0x0000018cb05ab910 Exception <a 'java/lang/ClassNotFoundException'{0x00000000a30b5a70}: com/android/build/gradle/internal/res/GenerateLibraryRFileTaskCustomizer> (0x00000000a30b5a70) 
thrown [s\src\hotspot\share\classfile\systemDictionary.cpp, line 312]
Event: 351.349 Thread 0x0000018cb05ab910 Exception <a 'sun/nio/fs/WindowsException'{0x00000000a30e2698}> (0x00000000a30e2698) 
thrown [s\src\hotspot\share\prims\jni.cpp, line 537]
Event: 351.349 Thread 0x0000018cb05ab910 Exception <a 'java/lang/ClassNotFoundException'{0x00000000a30ebbb8}: com/android/build/gradle/internal/res/GenerateLibraryRFileTask_DecoratedCustomizer> (0x00000000a30ebbb8) 
thrown [s\src\hotspot\share\classfile\systemDictionary.cpp, line 312]
Event: 351.548 Thread 0x0000018cb05ab910 Exception <a 'sun/nio/fs/WindowsException'{0x00000000a2bc3a80}> (0x00000000a2bc3a80) 
thrown [s\src\hotspot\share\prims\jni.cpp, line 537]
Event: 351.548 Thread 0x0000018cb05ab910 Exception <a 'java/lang/ClassNotFoundException'{0x00000000a2bccc50}: org/jetbrains/kotlin/gradle/tasks/KotlinCompile_DecoratedBeanInfo> (0x00000000a2bccc50) 
thrown [s\src\hotspot\share\classfile\systemDictionary.cpp, line 312]
Event: 351.549 Thread 0x0000018cb05ab910 Exception <a 'sun/nio/fs/WindowsException'{0x00000000a2bd3a28}> (0x00000000a2bd3a28) 
thrown [s\src\hotspot\share\prims\jni.cpp, line 537]
Event: 351.549 Thread 0x0000018cb05ab910 Exception <a 'java/lang/ClassNotFoundException'{0x00000000a2bdca28}: org/jetbrains/kotlin/gradle/tasks/KotlinCompileBeanInfo> (0x00000000a2bdca28) 
thrown [s\src\hotspot\share\classfile\systemDictionary.cpp, line 312]
Event: 351.549 Thread 0x0000018cb05ab910 Exception <a 'sun/nio/fs/WindowsException'{0x00000000a2be3de8}> (0x00000000a2be3de8) 
thrown [s\src\hotspot\share\prims\jni.cpp, line 537]
Event: 351.550 Thread 0x0000018cb05ab910 Exception <a 'java/lang/ClassNotFoundException'{0x00000000a2becf90}: org/jetbrains/kotlin/gradle/tasks/AbstractKotlinCompileBeanInfo> (0x00000000a2becf90) 
thrown [s\src\hotspot\share\classfile\systemDictionary.cpp, line 312]
Event: 351.551 Thread 0x0000018cb05ab910 Exception <a 'sun/nio/fs/WindowsException'{0x00000000a2bf4900}> (0x00000000a2bf4900) 
thrown [s\src\hotspot\share\prims\jni.cpp, line 537]
Event: 351.551 Thread 0x0000018cb05ab910 Exception <a 'java/lang/ClassNotFoundException'{0x00000000a2bfe048}: org/jetbrains/kotlin/gradle/tasks/AbstractKotlinCompileToolBeanInfo> (0x00000000a2bfe048) 
thrown [s\src\hotspot\share\classfile\systemDictionary.cpp, line 312]
Event: 351.552 Thread 0x0000018cb05ab910 Exception <a 'sun/nio/fs/WindowsException'{0x00000000a2a05a10}> (0x00000000a2a05a10) 
thrown [s\src\hotspot\share\prims\jni.cpp, line 537]
Event: 351.552 Thread 0x0000018cb05ab910 Exception <a 'java/lang/ClassNotFoundException'{0x00000000a2a0ebf8}: org/jetbrains/kotlin/gradle/tasks/AbstractKotlinCompileToolCustomizer> (0x00000000a2a0ebf8) 
thrown [s\src\hotspot\share\classfile\systemDictionary.cpp, line 312]
Event: 351.556 Thread 0x0000018cb05ab910 Exception <a 'sun/nio/fs/WindowsException'{0x00000000a2a4a588}> (0x00000000a2a4a588) 
thrown [s\src\hotspot\share\prims\jni.cpp, line 537]
Event: 351.557 Thread 0x0000018cb05ab910 Exception <a 'java/lang/ClassNotFoundException'{0x00000000a2a53758}: org/jetbrains/kotlin/gradle/tasks/AbstractKotlinCompileCustomizer> (0x00000000a2a53758) 
thrown [s\src\hotspot\share\classfile\systemDictionary.cpp, line 312]
Event: 351.560 Thread 0x0000018cb05ab910 Exception <a 'sun/nio/fs/WindowsException'{0x00000000a2ac7fe0}> (0x00000000a2ac7fe0) 
thrown [s\src\hotspot\share\prims\jni.cpp, line 537]
Event: 351.561 Thread 0x0000018cb05ab910 Exception <a 'java/lang/ClassNotFoundException'{0x00000000a2ad1008}: org/jetbrains/kotlin/gradle/tasks/KotlinCompileCustomizer> (0x00000000a2ad1008) 
thrown [s\src\hotspot\share\classfile\systemDictionary.cpp, line 312]
Event: 351.564 Thread 0x0000018cb05ab910 Exception <a 'sun/nio/fs/WindowsException'{0x00000000a2944af8}> (0x00000000a2944af8) 
thrown [s\src\hotspot\share\prims\jni.cpp, line 537]
Event: 351.565 Thread 0x0000018cb05ab910 Exception <a 'java/lang/ClassNotFoundException'{0x00000000a294df40}: org/jetbrains/kotlin/gradle/tasks/KotlinCompile_DecoratedCustomizer> (0x00000000a294df40) 
thrown [s\src\hotspot\share\classfile\systemDictionary.cpp, line 312]

ZGC Phase Switch (0 events):
No events

VM Operations (20 events):
Event: 335.923 Executing VM operation: Cleanup
Event: 335.939 Executing VM operation: Cleanup done
Event: 336.844 Executing VM operation: G1CollectForAllocation (G1 Evacuation Pause)
Event: 339.183 Executing VM operation: G1CollectForAllocation (G1 Evacuation Pause) done
Event: 339.805 Executing VM operation: G1CollectForAllocation (G1 Evacuation Pause)
Event: 339.840 Executing VM operation: G1CollectForAllocation (G1 Evacuation Pause) done
Event: 340.264 Executing VM operation: G1CollectForAllocation (G1 Evacuation Pause)
Event: 340.281 Executing VM operation: G1CollectForAllocation (G1 Evacuation Pause) done
Event: 341.292 Executing VM operation: Cleanup
Event: 341.338 Executing VM operation: Cleanup done
Event: 344.349 Executing VM operation: Cleanup
Event: 344.366 Executing VM operation: Cleanup done
Event: 345.254 Executing VM operation: G1CollectForAllocation (G1 Evacuation Pause)
Event: 345.312 Executing VM operation: G1CollectForAllocation (G1 Evacuation Pause) done
Event: 346.315 Executing VM operation: Cleanup
Event: 350.149 Executing VM operation: Cleanup done
Event: 350.762 Executing VM operation: G1CollectForAllocation (G1 Evacuation Pause)
Event: 350.784 Executing VM operation: G1CollectForAllocation (G1 Evacuation Pause) done
Event: 351.128 Executing VM operation: G1CollectForAllocation (G1 Evacuation Pause)
Event: 351.142 Executing VM operation: G1CollectForAllocation (G1 Evacuation Pause) done

Memory protections (0 events):
No events

Nmethod flushes (20 events):
Event: 262.867 Thread 0x0000018c9e45d360 flushing  nmethod 0x0000018c8b516190
Event: 262.867 Thread 0x0000018c9e45d360 flushing  nmethod 0x0000018c8b520610
Event: 262.867 Thread 0x0000018c9e45d360 flushing  nmethod 0x0000018c8b523a90
Event: 262.867 Thread 0x0000018c9e45d360 flushing  nmethod 0x0000018c8b53fd90
Event: 262.867 Thread 0x0000018c9e45d360 flushing  nmethod 0x0000018c8b580910
Event: 262.867 Thread 0x0000018c9e45d360 flushing  nmethod 0x0000018c8b5fcf90
Event: 262.867 Thread 0x0000018c9e45d360 flushing  nmethod 0x0000018c8b628090
Event: 262.867 Thread 0x0000018c9e45d360 flushing  nmethod 0x0000018c8b62c810
Event: 262.867 Thread 0x0000018c9e45d360 flushing  nmethod 0x0000018c8b637710
Event: 262.867 Thread 0x0000018c9e45d360 flushing  nmethod 0x0000018c8b68a990
Event: 262.867 Thread 0x0000018c9e45d360 flushing  nmethod 0x0000018c8b68ad90
Event: 262.867 Thread 0x0000018c9e45d360 flushing  nmethod 0x0000018c8b68b610
Event: 262.867 Thread 0x0000018c9e45d360 flushing  nmethod 0x0000018c8b73e210
Event: 262.867 Thread 0x0000018c9e45d360 flushing  nmethod 0x0000018c8b7fcf90
Event: 262.867 Thread 0x0000018c9e45d360 flushing  nmethod 0x0000018c8b800610
Event: 262.867 Thread 0x0000018c9e45d360 flushing  nmethod 0x0000018c8b830910
Event: 262.867 Thread 0x0000018c9e45d360 flushing  nmethod 0x0000018c8b89ce90
Event: 262.867 Thread 0x0000018c9e45d360 flushing  nmethod 0x0000018c8b89db90
Event: 262.867 Thread 0x0000018c9e45d360 flushing  nmethod 0x0000018c8b94f010
Event: 262.867 Thread 0x0000018c9e45d360 flushing  nmethod 0x0000018c8b989890

Events (20 events):
Event: 335.443 Thread 0x0000018cb05ab910 Thread added: 0x0000018cb05aabf0
Event: 335.865 Thread 0x0000018cb05ab910 Thread added: 0x0000018ca82e1da0
Event: 335.865 Thread 0x0000018cb05ab910 Thread added: 0x0000018ca82e2430
Event: 335.867 Thread 0x0000018cb05ab910 Thread added: 0x0000018ca82e3150
Event: 336.378 Thread 0x0000018cb05ab910 Thread added: 0x0000018ca82e2ac0
Event: 336.378 Thread 0x0000018cb05ab910 Thread added: 0x0000018ca82e1080
Event: 336.379 Thread 0x0000018cb05ab910 Thread added: 0x0000018ca82e37e0
Event: 336.629 Thread 0x0000018cb05ab910 Thread added: 0x0000018ca82e1710
Event: 336.637 Thread 0x0000018cb05ab910 Thread added: 0x0000018ca82e0360
Event: 340.077 Thread 0x0000018cb05ab910 Thread added: 0x0000018ca82e65d0
Event: 340.079 Thread 0x0000018cb05ab910 Thread added: 0x0000018ca82e4b90
Event: 340.079 Thread 0x0000018cb05ab910 Thread added: 0x0000018ca82e5220
Event: 340.127 Thread 0x0000018c9e62ea10 Thread added: 0x0000018ca46c08b0
Event: 340.152 Thread 0x0000018cb05ab910 Thread added: 0x0000018ca82e58b0
Event: 340.154 Thread 0x0000018cb05ab910 Thread added: 0x0000018ca82e6c60
Event: 340.154 Thread 0x0000018cb05ab910 Thread added: 0x0000018ca82e72f0
Event: 340.459 Thread 0x0000018ca46c08b0 Thread exited: 0x0000018ca46c08b0
Event: 340.628 Thread 0x0000018cb05ab910 Thread added: 0x0000018ca82e7980
Event: 343.838 Thread 0x0000018cb05ab910 Thread added: 0x0000018caaccaf10
Event: 350.816 Thread 0x0000018c9e62ea10 Thread added: 0x0000018ca46be6a0


Dynamic libraries:
0x00007ff660b20000 - 0x00007ff660b2a000 	C:\Program Files\Android\Android Studio\jbr\bin\java.exe
0x00007ff8b1c40000 - 0x00007ff8b1ea7000 	C:\WINDOWS\SYSTEM32\ntdll.dll
0x00007ff8b0c30000 - 0x00007ff8b0cf9000 	C:\WINDOWS\System32\KERNEL32.DLL
0x00007ff8af3a0000 - 0x00007ff8af794000 	C:\WINDOWS\System32\KERNELBASE.dll
0x00007ff8af7a0000 - 0x00007ff8af8eb000 	C:\WINDOWS\System32\ucrtbase.dll
0x00007ff8ab7a0000 - 0x00007ff8ab7b8000 	C:\Program Files\Android\Android Studio\jbr\bin\jli.dll
0x00007ff8b19b0000 - 0x00007ff8b1b75000 	C:\WINDOWS\System32\USER32.dll
0x00007ff8ae4e0000 - 0x00007ff8ae507000 	C:\WINDOWS\System32\win32u.dll
0x00007ff894490000 - 0x00007ff894723000 	C:\WINDOWS\WinSxS\amd64_microsoft.windows.common-controls_6595b64144ccf1df_6.0.26100.8115_none_3e075c82e3354f9c\COMCTL32.dll
0x00007ff89cec0000 - 0x00007ff89cedb000 	C:\Program Files\Android\Android Studio\jbr\bin\VCRUNTIME140.dll
0x00007ff8b0bf0000 - 0x00007ff8b0c1b000 	C:\WINDOWS\System32\GDI32.dll
0x00007ff8b0ea0000 - 0x00007ff8b0f49000 	C:\WINDOWS\System32\msvcrt.dll
0x00007ff8ae510000 - 0x00007ff8ae63b000 	C:\WINDOWS\System32\gdi32full.dll
0x00007ff8af8f0000 - 0x00007ff8af993000 	C:\WINDOWS\System32\msvcp_win.dll
0x00007ff8b1970000 - 0x00007ff8b19a2000 	C:\WINDOWS\System32\IMM32.DLL
0x00007ff8aaad0000 - 0x00007ff8aaadc000 	C:\Program Files\Android\Android Studio\jbr\bin\vcruntime140_1.dll
0x00007ff8611e0000 - 0x00007ff86126d000 	C:\Program Files\Android\Android Studio\jbr\bin\msvcp140.dll
0x00007ff80eb60000 - 0x00007ff80f7f6000 	C:\Program Files\Android\Android Studio\jbr\bin\server\jvm.dll
0x00007ff8b07b0000 - 0x00007ff8b0866000 	C:\WINDOWS\System32\ADVAPI32.dll
0x00007ff8b0d00000 - 0x00007ff8b0da7000 	C:\WINDOWS\System32\sechost.dll
0x00007ff8b0410000 - 0x00007ff8b0528000 	C:\WINDOWS\System32\RPCRT4.dll
0x00007ff8b0720000 - 0x00007ff8b07a0000 	C:\WINDOWS\System32\WS2_32.dll
0x00007ff8ae340000 - 0x00007ff8ae39e000 	C:\WINDOWS\SYSTEM32\POWRPROF.dll
0x00007ff89d240000 - 0x00007ff89d24b000 	C:\WINDOWS\SYSTEM32\VERSION.dll
0x00007ff8a4590000 - 0x00007ff8a45c6000 	C:\WINDOWS\SYSTEM32\WINMM.dll
0x00007ff8ae320000 - 0x00007ff8ae334000 	C:\WINDOWS\SYSTEM32\UMPDC.dll
0x00007ff8ad270000 - 0x00007ff8ad28b000 	C:\WINDOWS\SYSTEM32\kernel.appcore.dll
0x00007ff89ceb0000 - 0x00007ff89ceba000 	C:\Program Files\Android\Android Studio\jbr\bin\jimage.dll
0x00007ff8ac370000 - 0x00007ff8ac5b2000 	C:\WINDOWS\SYSTEM32\DBGHELP.DLL
0x00007ff8b13e0000 - 0x00007ff8b1762000 	C:\WINDOWS\System32\combase.dll
0x00007ff8b09f0000 - 0x00007ff8b0ac8000 	C:\WINDOWS\System32\OLEAUT32.dll
0x00007ff887ff0000 - 0x00007ff88802b000 	C:\WINDOWS\SYSTEM32\dbgcore.DLL
0x00007ff8ae7c0000 - 0x00007ff8ae865000 	C:\WINDOWS\System32\bcryptPrimitives.dll
0x00007ff8aaae0000 - 0x00007ff8aaaee000 	C:\Program Files\Android\Android Studio\jbr\bin\instrument.dll
0x00007ff8948f0000 - 0x00007ff894910000 	C:\Program Files\Android\Android Studio\jbr\bin\java.dll
0x00007ff887480000 - 0x00007ff887498000 	C:\Program Files\Android\Android Studio\jbr\bin\zip.dll
0x00007ff8afca0000 - 0x00007ff8b0407000 	C:\WINDOWS\System32\SHELL32.dll
0x00007ff8ae870000 - 0x00007ff8ae9da000 	C:\WINDOWS\System32\wintypes.dll
0x00007ff8aeaa0000 - 0x00007ff8af308000 	C:\WINDOWS\System32\windows.storage.dll
0x00007ff8b1770000 - 0x00007ff8b1868000 	C:\WINDOWS\System32\SHCORE.dll
0x00007ff8b1900000 - 0x00007ff8b1966000 	C:\WINDOWS\System32\shlwapi.dll
0x00007ff8ae400000 - 0x00007ff8ae429000 	C:\WINDOWS\SYSTEM32\profapi.dll
0x00007ff89ce80000 - 0x00007ff89ce90000 	C:\Program Files\Android\Android Studio\jbr\bin\net.dll
0x00007ff89f120000 - 0x00007ff89f24d000 	C:\WINDOWS\SYSTEM32\WINHTTP.dll
0x00007ff8ad7e0000 - 0x00007ff8ad84c000 	C:\WINDOWS\system32\mswsock.dll
0x00007ff885e10000 - 0x00007ff885e26000 	C:\Program Files\Android\Android Studio\jbr\bin\nio.dll
0x00007ff868ee0000 - 0x00007ff868ef0000 	C:\Program Files\Android\Android Studio\jbr\bin\verify.dll
0x00007ff869700000 - 0x00007ff869727000 	C:\Users\SMILE\.gradle\native\660c5614fbf4a5f2a75b1949f50a0caf5cd603558e7d8a26e50b933a0cfb79d1\windows-amd64\native-platform.dll
0x00007ff85cac0000 - 0x00007ff85cb37000 	C:\Users\SMILE\.gradle\native\0.2.8\x86_64-windows-gnu\gradle-fileevents.dll
0x00007ff886df0000 - 0x00007ff886df9000 	C:\Program Files\Android\Android Studio\jbr\bin\management.dll
0x00007ff8692f0000 - 0x00007ff8692fb000 	C:\Program Files\Android\Android Studio\jbr\bin\management_ext.dll
0x00007ff8b0870000 - 0x00007ff8b0878000 	C:\WINDOWS\System32\PSAPI.DLL
0x00007ff8acc80000 - 0x00007ff8accb2000 	C:\WINDOWS\SYSTEM32\IPHLPAPI.DLL
0x00007ff8b0530000 - 0x00007ff8b053a000 	C:\WINDOWS\System32\NSI.dll
0x00007ff8939d0000 - 0x00007ff8939d9000 	C:\Program Files\Android\Android Studio\jbr\bin\extnet.dll
0x00007ff8adac0000 - 0x00007ff8adadb000 	C:\WINDOWS\SYSTEM32\CRYPTSP.dll
0x00007ff8ad1d0000 - 0x00007ff8ad209000 	C:\WINDOWS\system32\rsaenh.dll
0x00007ff8ad890000 - 0x00007ff8ad8c3000 	C:\WINDOWS\SYSTEM32\USERENV.dll
0x00007ff8ae3d0000 - 0x00007ff8ae3fa000 	C:\WINDOWS\SYSTEM32\bcrypt.dll
0x00007ff8adae0000 - 0x00007ff8adaec000 	C:\WINDOWS\SYSTEM32\CRYPTBASE.dll
0x00007ff883520000 - 0x00007ff883528000 	C:\WINDOWS\system32\wshunix.dll
0x00007ff8ad390000 - 0x00007ff8ad3c6000 	C:\WINDOWS\SYSTEM32\ntmarta.dll
0x00007ff8acd20000 - 0x00007ff8ace52000 	C:\WINDOWS\SYSTEM32\DNSAPI.dll
0x00007ff8a4050000 - 0x00007ff8a405b000 	C:\Windows\System32\rasadhlp.dll
0x00007ff89fb00000 - 0x00007ff89fb86000 	C:\WINDOWS\System32\fwpuclnt.dll

JVMTI agents:
C:\Users\SMILE\.gradle\wrapper\dists\gradle-9.2.1-bin\2t0n5ozlw9xmuyvbp7dnzaxug\gradle-9.2.1\lib\agents\gradle-instrumentation-agent-9.2.1.jar path:C:\Program Files\Android\Android Studio\jbr\bin\instrument.dll, loaded, initialized, instrumentlib options:none

dbghelp: loaded successfully - version: 4.0.5 - missing functions: none
symbol engine: initialized successfully - sym options: 0x614 - pdb path: .;C:\Program Files\Android\Android Studio\jbr\bin;C:\WINDOWS\SYSTEM32;C:\WINDOWS\WinSxS\amd64_microsoft.windows.common-controls_6595b64144ccf1df_6.0.26100.8115_none_3e075c82e3354f9c;C:\Program Files\Android\Android Studio\jbr\bin\server;C:\Users\SMILE\.gradle\native\660c5614fbf4a5f2a75b1949f50a0caf5cd603558e7d8a26e50b933a0cfb79d1\windows-amd64;C:\Users\SMILE\.gradle\native\0.2.8\x86_64-windows-gnu

VM Arguments:
jvm_args: --add-opens=java.base/java.lang=ALL-UNNAMED --add-opens=java.base/java.lang.invoke=ALL-UNNAMED --add-opens=java.base/java.util=ALL-UNNAMED --add-opens=java.prefs/java.util.prefs=ALL-UNNAMED --add-exports=jdk.compiler/com.sun.tools.javac.api=ALL-UNNAMED --add-exports=jdk.compiler/com.sun.tools.javac.util=ALL-UNNAMED --add-opens=java.base/java.util=ALL-UNNAMED --add-opens=java.prefs/java.util.prefs=ALL-UNNAMED --add-opens=java.base/java.nio.charset=ALL-UNNAMED --add-opens=java.base/java.net=ALL-UNNAMED --add-opens=java.base/java.util.concurrent=ALL-UNNAMED --add-opens=java.base/java.util.concurrent.atomic=ALL-UNNAMED --add-opens=java.xml/javax.xml.namespace=ALL-UNNAMED --add-opens=java.base/java.time=ALL-UNNAMED -Xmx2048m -Dfile.encoding=UTF-8 -Duser.country=IN -Duser.language=en -Duser.variant -javaagent:C:\Users\SMILE\.gradle\wrapper\dists\gradle-9.2.1-bin\2t0n5ozlw9xmuyvbp7dnzaxug\gradle-9.2.1\lib\agents\gradle-instrumentation-agent-9.2.1.jar 
java_command: org.gradle.launcher.daemon.bootstrap.GradleDaemon 9.2.1
java_class_path (initial): C:\Users\SMILE\.gradle\wrapper\dists\gradle-9.2.1-bin\2t0n5ozlw9xmuyvbp7dnzaxug\gradle-9.2.1\lib\gradle-daemon-main-9.2.1.jar
Launcher Type: SUN_STANDARD

[Global flags]
     intx CICompilerCount                          = 3                                         {product} {ergonomic}
     uint ConcGCThreads                            = 1                                         {product} {ergonomic}
     uint G1ConcRefinementThreads                  = 4                                         {product} {ergonomic}
   size_t G1HeapRegionSize                         = 1048576                                   {product} {ergonomic}
    uintx GCDrainStackTargetSize                   = 64                                        {product} {ergonomic}
   size_t InitialHeapSize                          = 130023424                                 {product} {ergonomic}
   size_t MarkStackSize                            = 4194304                                   {product} {ergonomic}
   size_t MaxHeapSize                              = 2147483648                                {product} {command line}
   size_t MaxNewSize                               = 1287651328                                {product} {ergonomic}
   size_t MinHeapDeltaBytes                        = 1048576                                   {product} {ergonomic}
   size_t MinHeapSize                              = 8388608                                   {product} {ergonomic}
    uintx NonNMethodCodeHeapSize                   = 5832780                                {pd product} {ergonomic}
    uintx NonProfiledCodeHeapSize                  = 122912730                              {pd product} {ergonomic}
    uintx ProfiledCodeHeapSize                     = 122912730                              {pd product} {ergonomic}
    uintx ReservedCodeCacheSize                    = 251658240                              {pd product} {ergonomic}
     bool SegmentedCodeCache                       = true                                      {product} {ergonomic}
   size_t SoftMaxHeapSize                          = 2147483648                             {manageable} {ergonomic}
     bool UseCompressedOops                        = true                           {product lp64_product} {ergonomic}
     bool UseG1GC                                  = true                                      {product} {ergonomic}
     bool UseLargePagesIndividualAllocation        = false                                  {pd product} {ergonomic}

Logging:
Log output configuration:
 #0: stdout all=warning uptime,level,tags foldmultilines=false
 #1: stderr all=off uptime,level,tags foldmultilines=false

Release file:
JAVA_VERSION="21.0.9" 
MODULES="java.base java.compiler java.datatransfer java.xml java.prefs java.desktop java.instrument java.logging java.management java.security.sasl java.naming java.rmi java.management.rmi java.net.http java.scripting java.security.jgss java.transaction.xa java.sql java.sql.rowset java.xml.crypto java.se java.smartcardio jdk.accessibility jdk.internal.jvmstat jdk.attach jdk.charsets jdk.internal.opt jdk.zipfs jdk.compiler jdk.crypto.ec jdk.crypto.cryptoki jdk.dynalink jdk.hotspot.agent jdk.httpserver jdk.internal.ed jdk.internal.le jdk.internal.vm.ci jdk.jartool jdk.javadoc jdk.jcmd jdk.jdeps jdk.jdwp.agent jdk.jdi jdk.jfr jdk.jlink jdk.jsobject jdk.localedata jdk.management jdk.management.agent jdk.management.jfr jdk.naming.dns jdk.naming.rmi jdk.net jdk.sctp jdk.security.auth jdk.security.jgss jdk.unsupported jdk.unsupported.desktop jdk.xml.dom" 
IMPLEMENTOR="JetBrains s.r.o." 
JAVA_RUNTIME_VERSION="21.0.9+-14649483-b1163.86" 
LIBC="default" 
OS_ARCH="x86_64" 
OS_NAME="Windows" 
SOURCE=".:git:554d0c326095" 

Environment Variables:
PATH=C:\Users\SMILE\OneDrive\Desktop\app\oracle\product\11.2.0\server\bin;C:\Program Files\Common Files\Oracle\Java\javapath;C:\WINDOWS\system32;C:\WINDOWS;C:\WINDOWS\System32\Wbem;C:\WINDOWS\System32\WindowsPowerShell\v1.0\;C:\WINDOWS\System32\OpenSSH\;C:\Program Files (x86)\MySQL\MySQL Server 5.5\bin;C:\Program Files\Git\cmd;C:\Program Files\Microsoft SQL Server\150\Tools\Binn\;C:\Program Files\Microsoft SQL Server\Client SDK\ODBC\170\Tools\Binn\;C:\Program Files\dotnet\;C:\Program Files (x86)\Microsoft SQL Server\150\Tools\Binn\;C:\Program Files\Microsoft SQL Server\150\DTS\Binn\;C:\buildtool\apache-maven-3.9.9\Binn;C:\Program Files\PuTTY\;C:\Program Files\apache-maven-3.9.9\bin;C:\Program Files\gradle-8.14.2\bin;C:\Users\SMILE\AppData\Local\Programs\Python\Python312\Scripts\;C:\Users\SMILE\AppData\Local\Programs\Python\Python312\;C:\Users\SMILE\AppData\Local\Microsoft\WindowsApps;C:\Users\SMILE\AppData\Local\JetBrains\PyCharm Community Edition 2022.3\bin;C:\Users\SMILE\AppData\Local\Programs\MiKTeX\miktex\bin\x64\;C:\Users\SMILE\AppData\Local\Programs\Microsoft VS Code\bin;C:\Users\SMILE\.dotnet\tools;C:\Users\SMILE\AppData\Local\JetBrains\Toolbox\scripts;C:\Users\SMILE\AppData\Local\Programs\Antigravity\bin
USERNAME=SMILE
OS=Windows_NT
PROCESSOR_IDENTIFIER=Intel64 Family 6 Model 140 Stepping 1, GenuineIntel
TMP=C:\Users\SMILE\AppData\Local\Temp
TEMP=C:\Users\SMILE\AppData\Local\Temp




Periodic native trim disabled

JNI global refs:
JNI global refs: 27, weak refs: 0

JNI global refs memory usage: 835, weak refs: 833

Process memory usage:
Resident Set Size: 347252K (4% of 8048108K total physical memory with 492388K free physical memory)

OOME stack traces (most recent first):
Classloader memory used:
Loader org.gradle.internal.classloader.VisitableURLClassLoader                         : 48023K
Loader org.gradle.internal.classloader.VisitableURLClassLoader$InstrumentingVisitableURLClassLoader: 43001K
Loader bootstrap                                                                       : 33493K
Loader org.gradle.initialization.MixInLegacyTypesClassLoader                           : 14554K
Loader org.gradle.internal.classloader.VisitableURLClassLoader                         : 8570K
Loader jdk.internal.reflect.DelegatingClassLoader                                      : 819K
Loader jdk.internal.loader.ClassLoaders$PlatformClassLoader                            : 456K
Loader org.gradle.groovy.scripts.internal.DefaultScriptCompilationHandler$ScriptClassLoader: 260K
Loader jdk.internal.loader.ClassLoaders$AppClassLoader                                 : 233K
Loader sun.reflect.misc.MethodUtil                                                     : 2984B


[error occurred during error reporting (Classloader stats), id 0xe0000001, Out of Memory Error (s\src\hotspot\share\memory\arena.cpp:168)]
---------------  S Y S T E M  ---------------

OS:
 Windows 11 , 64 bit Build 26100 (10.0.26100.8246)
OS uptime: 7 days 9:02 hours
Hyper-V role detected

CPU: total 4 (initial active 4) (2 cores per cpu, 2 threads per core) family 6 model 140 stepping 1 microcode 0xb8, cx8, cmov, fxsr, ht, mmx, 3dnowpref, sse, sse2, sse3, ssse3, sse4.1, sse4.2, popcnt, lzcnt, tsc, tscinvbit, avx, avx2, aes, erms, clmul, bmi1, bmi2, adx, avx512f, avx512dq, avx512cd, avx512bw, avx512vl, sha, fma, vzeroupper, avx512_vpopcntdq, avx512_vpclmulqdq, avx512_vaes, avx512_vnni, clflush, clflushopt, clwb, avx512_vbmi2, avx512_vbmi, hv, rdtscp, rdpid, fsrm, gfni, avx512_bitalg, f16c, cet_ibt, cet_ss, avx512_ifma
Processor Information for the first 4 processors :
  Max Mhz: 2995, Current Mhz: 2995, Mhz Limit: 2995

Memory: 4k page, system-wide physical 7859M (464M free)
TotalPageFile size 32435M (AvailPageFile size 5M)
current process WorkingSet (physical memory assigned to process): 353M, peak: 666M
current process commit charge ("private bytes"): 798M, peak: 876M

vm_info: OpenJDK 64-Bit Server VM (21.0.9+-14649483-b1163.86) for windows-amd64 JRE (21.0.9+-14649483-b1163.86), built on 2025-12-30T22:08:35Z by "builder" with MS VC++ 16.10 / 16.11 (VS2019)

END.
